TRAV,TRAJ,CDR3a,TRBV,TRBJ,CDR3b,reads_A,reads_B
MDKILGASFLVLWLQLCVSGQQKEKSDQQQVKQSPQSLIVQKGGISIINCAYENTAFDYFPWYQQFPGKGPALLIAIRPDVSEKKEGRFTISFNKSAKQFSLHIMDSQPGDSATYFCAAS,NSGNTPLVFGKGTRLSVIA,CAASDSGNTPLVF,MGCRLLCCAVLCLLGAPMETGVTQTPRHLVMGMTNKKSLKCEQHLGHNAMYWYKQSAKKPLELMFVYSLEERVENNSVPSRFSPECPNSSHLFLHLHTLQPEDSALYLCASSQ,SYNSPLHFGNGTRLTVT,CASSHLGNSPLHF,7266,37799
METLLGLLILWLQLQVSSKQEVTQIPAALSVPEGENLVLNCSFTDSAIYNLQWFRQDPGKGLTSLLLIQSSQREQTSGRLNASLDKSSGRSTLYIAASQPGDSATYLCAVR,IYNQGGKLIFGQGTELSVKP,CAVRPGNQGGKLIF,MLLLLLLLGPSGLFPKQSLMLMATSNEGSKATYEQGVEKDKFLINHASLTLSTLTVTSAHPEDSSFYICSAR,SYNSPLHFGNGTRLTVT,CSARGQGMRNSPLHF,33675,42820
MALQSTLGAVWLGLLLNSLWKAESKDQVFQPSTVASSEGAVVEIFCNHSVSNAYNFFWYLHFPGCAPRLLVNGSKPSQQGRYNMTYERFSSSLLILQVREADAAVYYCAVE,GYSSASKIIFGSGTRLSIRP,CCLLLCCAASSASKIIF,MSIGLLCCVAFSLLWAPVNAGVTQNPKFQVLKTGQSMTLQCAQDMNHNSMYWYRQDPGMGLRLIYYSASEGTTDKGEVPNGYNVSRLNKREFSLRLESAAPSQTSVYFCASSE,STDTQYFGPGTRLTVL,CASSEGSGGMDTQYF,386,52169
MTSIRAVFIFLWLQLDVNGENVEQHPSTLSVQEGDSAVIKCTYSDSASNYFPWYKQELGKGSQLIIDIRSNVGEKKDQRIAVTLNKTAKHFSLHITETQPEDSAVYFCAAS,TTSGTYKYIFGTGTRLKVLA,CAASK,MRIRLLCCVAFSLLWAPVTAGITQAPTSQILAAGRSMTLRCTQDMRHNAMYWYRQDLGLGLRLIHYSNTAGTTGKGEVPDGYSVSRANTDDFPLTLASAVPSQTSVYFCASSD,STDTQYFGPGTRLTVL,CASSGSGSTDTQYF,6544,25657
MLLEHLLIILWMQLTVSGQQLNQSPQSMFTQEGEDVSMNCTSSSIFNT*LWYKQDPGEGPVLLIALYKAGELTSNGRLTAQFGITRKDSFLNISASIPSDVGIYFCAGQ,YSGGGADGLTFGKGTHLIIQP,CAGQLIGGGADGLTF,MGFRLLCCVAFCLLGAPVDSGVTQTPKHLITATGQRVTLRCSPRSGDLSVYWYQQSLDQGLQFLIQYYNGEERAKGNILEGFSAQQFPDLHSELNLSSLELGDSALYFCASSV,SGNTIYFGEGSWLTVV,CASSVDNPGQSSGNTIYF,16524,25326
MEKMLECAFIVLWLQLGLSGEDQVTQSPKALRLQEGESSSLNCSYTVSGLRGLFWYRQDPGKGPEFLFTLYSAGEEKEKERLKATLTKKESFLHITAPKPEDSATYLCAVQ,NSGGSNYKLTFGKGTLLTVNP,CAVQGYGSNYKLTF,MLCSLLALLLGTFFVRSQTIHQWPATLVQPVGSPLSLECTVEGTSNPNLYWYRQAAGRGLQLLFYSVGIGQISSEVPQNLSASRPQDRQFILSSKKLLLSDSGFYLCAWS,STDTQYFGPGTRLTVL,CAWSVRSGSITDTQYF,13694,20642
MKLVTSITVLLSLIMGLPSQGPEYVIHGLISNVNNRMASLAIAEDRKSSTLILHRATLRDAAVYYCILRD,IQGAQKLVFGQGTRLTINP,CILRDVQGAQKLVF,MDSWTFCCVSLCILVAHTQTMMRGLELLIYFNNNVPIDDSGMPEDRFSAKMPNASFSTLKIQPSEPRDSAVYFCASSL,SNQPQHFGDGTRLSIL,CASSLFRAMNQPQHF,6366,32787
MASAPISMLAMLFTLGLRAQSVAQPEDQVNVAEGNPLTVKCTYSVSGNPYLFWYVQYPNRGLQFLLKYITGDNLVKGSYGFEAEFNKSQTSFHLKKPSALVSDSALYFCAVRD,GNTGGFKTIFGAGTRLFVKA,CAAGGFKTIF,MGPQLLGYVVLCLLGAPLEAQVTQNPRYLITVTGKKLTVTCSQNMNHEYMSWYRQDPGLGLRQIYYSMNVEATDKGDVPEGYKVSRKEKRNFPLILESPSPNQTSLYFCASSL,NTGELFFGEGSRLTVL,CASSLGSSPGELFF,24477,29402
MNYSPGLVSLILLLLRTRGNSVTQMEGPVTLSEEAFLTINCTYTATGYPSLFWYVQYPGEGLQLLLKAMKADDKGSNKGFEATYRKETTSFHLEKGSVQVSDSAVYFCALS,FSDGQKLLFARGTMLKVDL,CALIQDGQKLLF,MLSLLLLLLGLSVFPSRDICQRGTSLTIQCQVDSQVTMMFWYRQQPGQSLTLIATANQGSEATYESGFVIDKFPISRPNLTFSTLTVSNMSPEDSSIYLCSVE,NYGYTFGSGTRLTVV,CSVEGTPGGYTF,7139,32646
MEKMLECAFIVLWLQLGLSGEDQVTQSPKALRLQEGESSSLNCSYTVSGLRGLFWYRQDPGKGPEFLFTLYSAGEEKEKERLKATLTKKESFLHITAPKPEDSATYLCAVQ,NSNSGYALNFGKGTSLLVTP,CAVQAGNSGYALNF,MDTWLVCWAIFSLLKALTEPEVTQTPSHQVTQMGQEVILHCVPISNHLYFYWYRQILGQKVEFLVSFYNNEISEKSEIFDDQFSVERPDGSNFTLKIRSTKLEDSAMYFCASSE,SNQPQHFGDGTRLSIL,CASSPGTVSNQPQHF,5725,10482
MRQVARVIVFLTLTLSLAKTTQPISMDSYEGQEVNITCSHNNIATNDYITWYQQFPSQGPRFIIQGYKTKVTNEVSSLFIPADRKSSTLSLPRVSLSDTAVYYCLVGD,DTGRRALTFGSGTRLQVQP,CLVGDMGGRRALTF,MGIRLLCRVAFCFLAVLVDVKVTQSSRYLVKRTGEKVFLECVQDMDHENMFWYRQDPGLGLRLIYFSYDVKMKEKGDIPEGYSVSREKKERFSLILESASTNQTSMYLCASSL,QETQYFGPGTRLLVL,CASSFAGGANGETQYF,11434,40088
MRQVARVIVFLTLTLSLAKTTQPISMDSYEGQEVNITCSHNNIATNDYITWYQQFPSQGPRFIIQGYKTKVTNEVSSLFIPADRKSSTLSLPRVSLSDTAVYYCLVGD,NTGFQKLVFGTGTRLLVSP,CLVGDVNTGFQKLVF,MGIRLLCRVAFCFLAVLVDVKVTQSSRYLVKRTGEKVFLECVQDMDHENMFWYRQDPGLGLRLIYFSYDVKMKEKGDIPEGYSVSREKKERFSLILESASTNQTSMYLCASSL,NTGELFFGEGSRLTVL,CASNPPGQGATGELFF,6939,51786
MLLLLIPVLGMIFALDARAQSVSQHNHHVILSEAASLELGCNYSYGGTVNLFWYVQYPGQHLQLLLKYFSGDPLVKGIKGFEAEFIKSKFSFNLRKPSVQWSDTAEYFCAVN,DSNYQLIWGAGTKLIIKP,CAVNGQSNYQLIW,MGTRLLFWVAFCLLGAHTGAGVSQSPSNKVTEKGKDVELRQQCTRQIRAAQ*SLLCREDWGIRLHSDDPAHTAGGLGRLSLCQQLS,NTEAFFGQGTRLTVV,CASSLDVVNTEAFF,12698,44559
MTSIRAVFIFLWLQLDVNGENVEQHPSTLSVQEGDSAVIKCTYSDSASNYFPWYKQELGKGSQLIIDIRSNVGEKKDQRIAVTLNKTAKHFSLHITETQPEDSAVYFCAAS,SNDYKLSFGAGTTVTVRA,CAALLLYDYKLSF,MGPGLLCWVLLCLLGASVETGVTQSPTHLIKTRGQQVTLRCSSQSGHNTVSWYQQALGQGPQFIFQYYREEENGRGNFPPRFSGLQFPNYSSELNVNALELDDSALYLCASSL,QETQYFGPGTRLLVL,CASSPGLAGGEETQYF,4344,62166
MKTFAGFSFLFLWLQLDMSRGEDVEQSLFLSVREGDSSVINCTYTDSSSTYLYWYKQEPGAGLQLLTYIFSNMDMKQDQRLTVLLNKKDKHLSLRIADTQTGDSAIYFCAES,GSSNTGKLIFGQGTTLQVKP,CAEIHSSNTGKLIF,MLLLLLLLGPSGLFPKQSLMLMATSNEGSKATYEQGVEKDKFLINHASLTLSTLTVTSAHPEDSSFYICSAR,STDTQYFGPGTRLTVL,CSASGMGSTDTQYF,5868,31463
MAMLLGASVLILWLQPDVNSQQKNDDQQVKQNSPSLSVQEGRISILNCDYTNSMFDYFLWYKKYPAEGPTFLISISSIKDKNEDGRFTVFLNKSAKHLSLHIVPSQPGDSAVYFCAAS,NNNARLMFGDGTQLVVKP,CAASGNNARLMF,MDTRVLCCAVICLLGALSNAGVMQNPRHLVRRRGQEARLRCSPVKGHSHVYWYRQLPEEGLKFMVYLQKENIIDESGMPKERFSAEFPKEGPSILRIQQVVRGDSAAYFCASSP,NTEAFFGQGTRLTVV,CASSLGLMNTEAFF,17449,19143
MLLITSMLVLWMQLSVNGQQVMQIPQYQHVQEGEDFTTYCNSSTTLSNIQWYKQRPGGHPVFLIQLVKSGEVKKQKRLTFQFGEAKKNSSLHITATQTTDVGTYFCAG,YNFNKFYFGSGTKLNVKP,CAGQYNFNKFYF,MGIRLLCRVAFCFLAVLVDVKVTQSSRYLVKRTGEKVFLECVQDMDHENMFWYRQDPGLGLRLIYFSYDVKMKEKGDIPEGYSVSREKKERFSLILESASTNQTSMYLCASSL,NTEAFFGQGTRLTVV,CASSLLQGGTFF,7219,9919
MLTASLLRAVIASICVSSMAQKVTQAQTEISVVEKEDVTLDCVYETRDTTYYLFWYKQPPSGELVFLIRRNSFDEQNEISGRYSWNFQKSTSSFNFTITASQVVDSAVYFCALSE,EYGNKLVFGAGTILRVKS,CALSEASYGNKLVF,MGIRLLCRVAFCFLAVLVDVKVTQSSRYLVKRTGEKVFLECVQDMDHENMFWYRQDPGLGLRLIYFSYDVKMKEKGDIPEGYSVSREKKERFSLILESASTNQTSMYLCASSL,SYNSPLHFGNGTRLTVT,CASRFWRSGPDSPLHF,14506,28290
MTSIRAVFIFLWLQLDVNGENVEQHPSTLSVQEGDSAVIKCTYSDSASNYFPWYKQELGKGSQLIIDIRSNVGEKKDQRIAVTLNKTAKHFSLHITETQPEDSAVYFCAAS,DSNYQLIWGAGTKLIIKP,CAASIGGYQLIW,MLLLLLLLGPSGLFPKQSLMLMATSNEGSKATYEQGVEKDKFLINHASLTLSTLTVTSAHPEDSSFYICSAR,NYGYTFGSGTRLTVV,CSARPFTGGSGYTF,11554,34900
MSLSSLLKVVTASLWLPGIAQKITQTQPGMFVQEKEAVTLDCTYDTSDQSYGLFWYKQPSSGEMIFLIYQGSYDEQNATEGRYSLNFQKARKSANLVISASQLGDSAMYFCAMRE,NAGGTSYGKLTFGQGTILTVHP,CAMREANAGGTSYGKLTF,MSNQVLCCVVLCFLGATVDGGITQSPKYLFRKEGQNVTLSCEQNLNHDAMYWYRQDPGQGLRLIYYSQIVNDFQKGDIAEGYSVSREKKESFPLTVTSAQKNPTAFYLCASSI,STDTQYFGPGTRLTVL,CASSIGGGSDTQYF,6487,14546
MTRVSLLWAVVVSTCLSGMAQTVTQSQPEMSVQEAETVTLSCTYDTSESNYYLFWYKQPPSRQMILVIRQEAYKQQNATENRFSVNFQKAAKSFSLKISDSQLGDTAMYFCAFMK,NSGGSNYKLTFGKGTLLTVNP,CAFMKGSGGSNYKLTF,MGTRLLCWAALCLLGALTEAGVAQSPRYKIIEKRQSVAFWCNPISGHATLYWYQQILGQGPKLLIQFQNNGVVDDSQLPKDRFSAERLKGVDSTLKIQPAKLEDSAVYLCASSL,NTEAFFGQGTRLTVV,CASSLQERTEAFF,26341,44522
MWGVFLLYVSMKMGTTGQNIDQPTEMTATEGAIVQINCTYQTSGFNGLFWYQQHAGEAPTFLSYNVLDGLEEKGRFSSFLSRSKGYSYLLLKELQMKDSASYLCAVR,NSGGYQKVTFGTGTKLQVIP,CAVRVVGTGGYQKVTF,MDTWLVCWAIFSLLKALTEPEVTQTPSHQVTQMGQEVILHCVPISNHLYFYWYRQILGQKVEFLVSFYNNEISEKSEIFDDQFSVERPDGSNFTLKIRSTKLEDSAMYFCASSE,SYNEQFFGPGTRLTVL,CASRDRGYSSYNEQFF,15523,57827
MMKSLRVLLVILWLQLSVWSQQKEVEQNSGPLSVPEGAIASLNCTYSDRGSQSFFWYRQYSGKSPELIMSIYSNGDQEDGRFTAQLNKASQYVSLLIRDSQPSDSATYLCAVN,NTNAGKSTFGDGTTLTVKP,CAVNGPYTNAGKSTF,MGPQLLGYVVLCLLGAPLEAQVTQNPRYLITVTGKKLTVTCSQNMNHEYMSWYRQDPGLGLRQIYYSMNVEATDKGDVPEGYKVSRKEKRNFPLILESPSPNQTSLYFCASSL,NYGYTFGSGTRLTVV,CASSLSTSTGNYGYTF,5962,12756
MLLLLVPAFQVIFTLGTRAQSVTQLDSQVPVFEEAPVELRCNYSSSVSVYLFWYVQYPNQGLQLLLKYLSGSTLVKGINGFEAEFNKSQTSFHLRKPSVHISDTAEYFCAVS,TQGGSEKLVFGKGTKLTVNP,CAVSDVQGGSEKLVF,MGCRLLCCAVLCLLGAPMETGVTQTPRHLVMGMTNKKSLKCEQHLGHNAMYWYKQSAKKPLELMFVYSLEERVENNSVPSRFSPECPNSSHLFLHLHTLQPEDSALYLCASSQ,SYNEQFFGPGTRLTVL,CASSQDGGGVSYNEQFF,7562,43496
MWGVFLLYVSMKMGTTGQNIDQPTEMTATEGAIVQINCTYQTSGFNGLFWYQQHAGEAPTFLSYNVLDGLEEKGRFSSFLSRSKGYSYLLLKELQMKDSASYLCAVR,DSNYQLIWGAGTKLIIKP,CAVKDSNYQLIW,MSIGLLCCVAFSLLWAPVNAGVTQNPKFQVLKTGQSMTLQCAQDMNHNSMYWYRQDPGMGLRLIYYSASEGTTDKGEVPNGYNVSRLNKREFSLRLESAAPSQTSVYFCASSE,SYNEQFFGPGTRLTVL,CASSEAAGSYNEQFF,18849,19920
MDKILGASFLVLWLQLCVSGQQKEKSDQQQVKQSPQSLIVQKGGISIINCAYENTAFDYFPWYQQFPGKGPALLIAIRPDVSEKKEGRFTISFNKSAKQFSLHIMDSQPGDSATYFCAAS,YSGGGADGLTFGKGTHLIIQP,CAASKRGGADGLTF,MDSWTFCCVSLCILVAHTQTMMRGLELLIYFNNNVPIDDSGMPEDRFSAKMPNASFSTLKIQPSEPRDSAVYFCASSL,NTEAFFGQGTRLTVV,CASSLAGGNTEAFF,9267,57501
MAMLLGASVLILWLQPDVNSQQKNDDQQVKQNSPSLSVQEGRISILNCDYTNSMFDYFLWYKKYPAEGPTFLISISSIKDKNEDGRFTVFLNKSAKHLSLHIVPSQPGDSAVYFCAAS,EYGNKLVFGAGTILRVKS,CAGTEGNKLVF,MGCRLLCCAVLCLLGAPIDTEVTQTPKHLVMGMTNKKSLKCEQHMGHRAMYWYKQKAKKPPELMFVYSYEKLSINESVRSRFSPECPNSSLLNLHLHALQPEDSALYLCASSQ,SYEQYFGPGTRLTVT,CASSQLTGGTYEQYF,15775,22048
MWGVFLLYVSMKMGTTGQNIDQPTEMTATEGAIVQINCTYQTSGFNGLFWYQQHAGEAPTFLSYNVLDGLEEKGRFSSFLSRSKGYSYLLLKELQMKDSASYLCAVR,DSNYQLIWGAGTKLIIKP,CAPWMDSNYQLIW,MDTRVLCCAVICLLGALSNAGVMQNPRHLVRRRGQEARLRCSPVKGHSHVYWYRQLPEEGLKFMVYLQKENIIDESGMPKERFSAEFPKEGPSILRIQQVVRGDSAAYFCASSP,SGNTIYFGEGSWLTVV,CASSPPPGRKGPGNTIYF,10919,9740
MWGVFLLYVSMKMGTTGQNIDQPTEMTATEGAIVQINCTYQTSGFNGLFWYQQHAGEAPTFLSYNVLDGLEEKGRFSSFLSRSKGYSYLLLKELQMKDSASYLCAVR,SNDYKLSFGAGTTVTVRA,CAVRPNDYKLSF,MSIGLLCCAALSLLWAPVNAGVTQTPKFQVLKTGQSMTLQCAQDMNHEYMSWYRQDPGMGLRLIHYSVGAGITDQGEVPNGYNVSRSTTEDFPLRLLSAAPSQTSVYFCASSY,QETQYFGPGTRLLVL,CASNRAGPQETQYF,9393,31563
MASAPISMLAMLFTLGLRAQSVAQPEDQVNVAEGNPLTVKCTYSVSGNPYLFWYVQYPNRGLQFLLKYITGDNLVKGSYGFEAEFNKSQTSFHLKKPSALVSDSALYFCAVRD,NAGNNRKLIWGLGTSLAVNP,CAVRDLVAGNNRKLIW,MSISLLCCAAFPLLWAPVNAGVTQTPKFRILKIGQSMTLQCTQDMNHNYMYWYRQDPGMGLKLIYYSVGAGITDKGEVPNGYNVSRSTTEDFPLRLELAAPSQTSVYFCASSY,SYNSPLHFGNGTRLTVT,CASSFADREGAPLHF,6954,34276
METLLGVSLVILWLQLAVNSQQGEEDPQALSIQEGENATMNCSYKTSINNLQWYRQNSGRGLVHLILIRSNEREKHSGRLRVTLDTSKKSSSLLITASRAADTASYFCATD,SNFGNEKLTFGTGTRLTIIP,CATEGDFGNEKLTF,MGPGLLHWMALCLLGTHGDAMVIQNPRYQVTQFGKPVTLSCSQTLNHNVMYWYQQKSSQAPKLLFHYYDKDFNNEADTPDNFQSRRPNTSFCFLDIRSPGLGDAAMYLCATSR,TNEKLFFGSGTQLSVL,CATSSVAGEKLFF,9378,38686
MNYSPGLVSLILLLLRTRGNSVTQMEGPVTLSEEAFLTINCTYTATGYPSLFWYVQYPGEGLQLLLKAMKADDKGSNKGFEATYRKETTSFHLEKGSVQVSDSAVYFCALS,*ETSGSRLTFGEGTQLTVNP,CALRGGETSGSRLTF,MGCRLLCCAVLCLLGAPMETGVTQTPRHLVMGMTNKKSLKCEQHLGHNAMYWYKQSAKKPLELMFVYNFKEQTENNSVPSRFSPECPNSSHLFLHLHTLQPEDSALFLCASSQ,SYNEQFFGPGTRLTVL,CASSQVQLSSYNEQFF,9365,61316
MESFLGGVLLILWLQVDVKSQKIEQNSEALNIQEGKTDTLTCNYTNYSPAYLEWYRQDPGRGPVFLLLIRENEKEKRKERLKVTFDTTLKQSLFHITASQPADSATYLCALD,SSGSARQLTFGSGTQLTVLP,CAPGGSARQLTF,MSNQVLCCVVLCFLGATVDGGITQSPKYLFRKEGQNVTLSCEQNLNHDAMYWYRQDPGQGLRLIYYSQIVNDFQKGDIAEGYSVSREKKESFPLTVTSAQKNPTAFYLCASSI,SYNEQFFGPGTRLTVL,CASSIRLAQSSYNEQFF,6688,30864
MWGVFLLYVSMKMGTTGQNIDQPTEMTATEGAIVQINCTYQTSGFNGLFWYQQHAGEAPTFLSYNVLDGLEEKGRFSSFLSRSKGYSYLLLKELQMKDSASYLCAVR,TTSGTYKYIFGTGTRLKVLA,CAVISGTYKYIF,MRIRLLCCVAFSLLWAPVTAGITQAPTSQILAAGRSMTLRCTQDMRHNAMYWYRQDLGLGLRLIHYSNTAGTTGKGEVPDGYSVSRANTDDFPLTLASAVPSQTSVYFCASSD,STDTQYFGPGTRLTVL,CASSDLAGGPDTQYF,11823,30794
MSLSSLLKVVTASLWLPGIAQKITQTQPGMFVQEKEAVTLDCTYDTSDQSYGLFWYKQPSSGEMIFLIYQGSYDEQNATEGRYSLNFQKARKSANLVISASQLGDSAMYFCAMRE,NTGFQKLVFGTGTRLLVSP,CAGGTGFQKLVF,MRIRLLCCVAFSLLWAPVTAGITQAPTSQILAAGRSMTLRCTQDMRHNAMYWYRQDLGLGLRLIHYSNTAGTTGKGEVPDGYSVSRANTDDFPLTLASAVPSQTSVYFCASSD,SYNEQFFGPGTRLTVL,CASSPSAGSPNNEQFF,34728,1494
MDKILGASFLVLWLQLCVSGQQKEKSDQQQVKQSPQSLIVQKGGISIINCAYENTAFDYFPWYQQFPGKGPALLIAIRPDVSEKKEGRFTISFNKSAKQFSLHIMDSQPGDSATYFCAAS,SNFGNEKLTFGTGTRLTIIP,CAASIGNFGNEKLTF,MGCRLLCCAVLCLLGAPMETGVTQTPRHLVMGMTNKKSLKCEQHLGHNAMYWYKQSAKKPLELMFVYSLEERVENNSVPSRFSPECPNSSHLFLHLHTLQPEDSALYLCASSQ,NTEAFFGQGTRLTVV,CASSPSRNTEAFF,5774,18684
MLLLLVPVLEVIFTLGTRAQSVTQLDSHVSVSEGTPVLLRCNYSSSYSPSLFWYVQHPNKGLQLLLKYTSAATLVKGINGFEAEFKKSETSFHLTKPSAHMSDAAEYFCVVS,NYGGSQGNLIFGKSTKLSVKP,CVVREGSQGNLIF,MLSPDLPDSAWNTRLLCHVMLCLLGASVAAGVIQSPRHLIKEKRETATLKCYPIPRHDTVYWYQQGPGQDPQFLISFYEKMQSDKGSIPDRFSAQQFSDYHSELNMSSLELGDSALYFCASSL,SYEQYFGPGTRLTVT,CASSIRWEGGYHEQYF,18667,7234
MEKNPLAAPLLILWFHLDVSSILNVEQSPQSLHVQEGDSTNFTCSFPSSNFYALHWYRWETAKSPETLFVMTLNGDEKKKGRISATLNTKEGYSYLYIKGSQPEDSATYLCAF,SYNTDKLIFGTGTRLQVFP,CAHDNTDKLIF,MSLGLLCCGAFSLLWAPVNAGVTQTPKFRVLKTGQSMTLLCAQDMNHEYMYWYRQDPGMGLRLIHYSVGEGTTAKGEVPDGYNVSRLKKQNFLLGLESAAPSQTSVYFCASSY,NTEAFFGQGTRLTVV,CASSPGLEAFF,4236,38255
MRQVARVIVFLTLTLSLAKTTQPISMDSYEGQEVNITCSHNNIATNDYITWYQQFPSQGPRFIIQGYKTKVTNEVSSLFIPADRKSSTLSLPRVSLSDTAVYYCLVGD,DTGRRALTFGSGTRLQVQP,CLVGDEEDTGRRALTF,MGTSLLCWMALCLLGAHADTGVSQDPRHKITKRGQNVTFRCDPISEHNRLYWYRQTLGQGPEFLTYFQNEAQLEKSRLLSDRFSAERPKGSFPTLEIQRTEQGDSAMYLCASSL,NTEAFFGQGTRLTVV,CASSSDRVNTEAFF,22859,43217
MASAPISMLAMLFTLGLRAQSVAQPEDQVNVAEGNPLTVKCTYSVSGNPYLFWYVQYPNRGLQFLLKYITGDNLVKGSYGFEAEFNKSQTSFHLKKPSALVSDSALYFCAVRD,IKAAGNKLTFGGGTRVLVKP,CAVIIKAAGNKLTF,MGPGLLCWALLCLLGALVDAGVTQSPTHLIKTRGQQVTLRCSPKSGHDTVSWYQQALGQGPQFIFQYYEEEERQRGNFPDRFSGHQFPNYSSELNVNALLLGDSALYLCASSL,NTEAFFGQGTRLTVV,CASSPHRLSEAFF,17154,17638
MMKSLRVLLVILWLQLSVWSQQKEVEQNSGPLSVPEGAIASLNCTYSDRGSQSFFWYRQYSGKSPELIMSIYSNGDQEDGRFTAQLNKASQYVSLLIRDSQPSDSATYLCAVN,YSGGGADGLTFGKGTHLIIQP,CAVKSGGGADGLTF,MGSRLLCWVLLCLLGAPVKAGVTQTPRYLIKTRGQQVTLSCSPISGHRSVSWYQQTPGQGLQFLFEYFSETQRNKGNFPGRFSGRQFSNSRSEMNVSTLELGDSALYLCASSL,SGANVLTFGAGSRLTVL,CASSSREAGANVLTF,4408,53562
MAMLLGASVLILWLQPDVNSQQKNDDQQVKQNSPSLSVQEGRISILNCDYTNSMFDYFLWYKKYPAEGPTFLISISSIKDKNEDGRFTVFLNKSAKHLSLHIVPSQPGDSAVYFCAAS,TTDSWGKLQFGAGTQVVVTP,CAASGETTDSWGKLQF,MGPGLLHWMALCLLGTHGDAMVIQNPRYQVTQFGKPVTLSCSQTLNHNVMYWYQQKSSQAPKLLFHYYDKDFNNEADTPDNFQSRRPNTSFCFLDIRSPGLGDAAMYLCATSR,SYEQYFGPGTRLTVT,CATSTSLDSGYEQYF,22586,43490
MLLLLVPVLEVIFTLGTRAQSVTQLGSHVSVSEGALVLLRCNYSSSVPPYLFWYVQYPNQGLQLLLKYTSAATLVKGINGFEAEFKKSETSFHLTKPSAHMSDAAEYFCAVS,DSNYQLIWGAGTKLIIKP,CAVSWGSNYQLIW,MGTSLLCWMALCLLGAHADTGVSQDPRHKITKRGQNVTFRCDPISEHNRLYWYRQTLGQGPEFLTYFQNEAQLEKSRLLSDRFSAERPKGSFPTLEIQRTEQGDSAMYLCASSL,QETQYFGPGTRLLVL,CASSFSERESQETQYF,6099,34030
MSLSSLLKVVTASLWLPGIAQKITQTQPGMFVQEKEAVTLDCTYDTSDQSYGLFWYKQPSSGEMIFLIYQGSYDEQNATEGRYSLNFQKARKSANLVISASQLGDSAMYFCAMRE,NSGGYQKVTFGTGTKLQVIP,CAMREGPVGYQKVTF,MDTWLVCWAIFSLLKALTEPEVTQTPSHQVTQMGQEVILHCVPISNHLYFYWYRQILGQKVEFLVSFYNNEISEKSEIFDDQFSVERPDGSNFTLKIRSTKLEDSAMYFCASSE,SNQPQHFGDGTRLSIL,CASSEARSQPQHF,6592,4566
MMKSLRVLLVILWLQLSVWSQQKEVEQNSGPLSVPEGAIASLNCTYSDRGSQSFFWYRQYSGKSPELIMSIYSNGDQEDGRFTAQLNKASQYVSLLIRDSQPSDSATYLCAVN,ILTGGGNKLTFGTGTQLKVEL,CAVIIGGGGNKLTF,MTIRLLCYMGFYFLGALMEADIYQTPRYLVIGTGKKITLECSQTMGYDKMYWYQQDPGMELHLIHYSYGVNSTEKGDLSSESTVSRIRTEHFPLTLESARPSHTSQYLCASSE,NTGELFFGEGSRLTVL,CASSEYVGDTGELFF,8858,16380
MWGVFLLYVSMKMGTTGQNIDQPTEMTATEGAIVQINCTYQTSGFNGLFWYQQHAGEAPTFLSYNVLDGLEEKGRFSSFLSRSKGYSYLLLKELQMKDSASYLCAVR,MDSSYKLIFGSGTRLLVRP,CAVMDSSYKLIF,MRIRLLCCVAFSLLWAPVTAGITQAPTSQILAAGRSMTLRCTQDMRHNAMYWYRQDLGLGLRLIHYSNTAGTTGKGEVPDGYSVSRANTDDFPLTLASAVPSQTSVYFCASSD,STDTQYFGPGTRLTVL,CASSELAGGTDTQYF,11752,29259
MACPGFLWALVISTCLFSMAQTVTQSQPEMSVQEAETVTLSCTYDTSESDYYLFWYKQPPSRQMILVIRQEAYKQQNATENRFSVNFQKAAKSFSLKISDSQLGDAAMYFCAYRS,NTGNQFYFGTGTSLTVIP,CAYRRITNTGNQFYF,MDTRVLCCAVICLLGALSNAGVMQNPRHLVRRRGQEARLRCSPVKGHSHVYWYRQLPEEGLKFMVYLQKENIIDESGMPKERFSAEFPKEGPSILRIQQVVRGDSAAYFCASSP,NTEAFFGQGTRLTVV,CASQKQGGTEAFF,14759,26418
METLLKVLSGTLLWQLTVRSQQPVQSPQAVILREGEDAVINCSSSKALYSVHWYRQKHGEAPIFLMILLKGGEQKGHDKISASFNEKKQQSSLYLTASQLSYSGTYFCGTE,DTGRRALTFGSGTRLQVQP,CGTSDTGRRALTF,MGFRLLCCVAFCLLGAPVDSGVTQTPKHLITATGQRVTLRCSPRSGDLSVYWYQQSLDQGLQFLIQYYNGEERAKGNILEGFSAQQFPDLHSELNLSSLELGDSALYFCASSV,SYNSPLHFGNGTRLTVT,CASSPGARENSPLHF,20841,48039
MALQSTLGAVWLGLLLNSLWKAESKDQVFQPSTVASSEGAVVEIFCNHSVSNAYNFFWYLHFPGCAPRLLVNGSKPSQQGRYNMTYERFSSSLLILQVREADAAVYYCAVE,SYNTDKLIFGTGTRLQVFP,CAVEDRNTDKLIF,MDTWLVCWAIFSLLKALTEPEVTQTPSHQVTQMGQEVILHCVPISNHLYFYWYRQILGQKVEFLVSFYNNEISEKSEIFDDQFSVERPDGSNFTLKIRSTKLEDSAMYFCASSE,NTEAFFGQGTRLTVV,CASSEVGQGRDTEAFF,5065,31892
MESFLGGVLLILWLQVDVKSQKIEQNSEALNIQEGKTDTLTCNYTNYSPAYLEWYRQDPGRGPVFLLLIRENEKEKRKERLKVTFDTTLKQSLFHITASQPADSATYLCALD,DTGRRALTFGSGTRLQVQP,CALDMVNDTGRRALTF,MGCRLLCCAVLCLLGAPMETGVTQTPRHLVMGMTNKKSLKCEQHLGHNAMYWYKQSAKKPLELMFVYSLEERVENNSVPSRFSPECPNSSHLFLHLHTLQPEDSALYLCASSQ,TNEKLFFGSGTQLSVL,CASSQDRGFLDEKLFF,5783,31721
MLLELIPLLGIHFVLTARAQSVTQPDIHITVSEGASLELRCNYSYGATPYLFWYVQSPGQGLQLLLKYFSGDTLVQGIKGFEAEFKRSQSSFNLRKPSVHWSDAAEYFCAVG,YSGAGSYQLTFGKGTKLSVIP,CAVARAGAGSYQLTF,MLLLLLLLGPSGLFPKQSLMLMATSNEGSKATYEQGVEKDKFLINHASLTLSTLTVTSAHPEDSSFYICSAR,NYGYTFGSGTRLTVV,CSAREFRDSLYGYTF,7107,10636
MLLLLVPAFQVIFTLGTRAQSVTQLDSQVPVFEEAPVELRCNYSSSVSVYLFWYVQYPNQGLQLLLKYLSGSTLVKGINGFEAEFNKSQTSFHLRKPSVHISDTAEYFCAVS,TQGGSEKLVFGKGTKLTVNP,CAVSVPQGGSEKLVF,MGTRLFFYVALCLLWTHMDAGITQSPRHKVTETGTPVTLRCHQTENHRYMYWYRQDPGHGLRLIHYSYGVKDTDKGEVSDGYSVSRSKTEDFLLTLESATSSQTSVYFCAISE,NTEAFFGQGTRLTVV,CAISEPRGKNTEAFF,4586,64941
MEKNPLAAPLLILWFHLDVSSILNVEQSPQSLHVQEGDSTNFTCSFPSSNFYALHWYRWETAKSPETLFVMTLNGDEKKKGRISATLNTKEGYSYLYIKGSQPEDSATYLCAF,SYNTDKLIFGTGTRLQVFP,CAHDNTDKLIF,MSLGLLCCGAFSLLWAPVNAGVTQTPKFRVLKTGQSMTLLCAQDMNHEYMYWYRQDPGMGLRLIHYSVGEGTTAKGEVPDGYNVSRLKKQNFLLGLESAAPSQTSVYFCASSY,NTEAFFGQGTRLTVV,CASSPGLEAFF,5170,41436
MLLLLVPVLEVIFTLGTRAQSVTQLGSHVSVSEGALVLLRCNYSSSVPPYLFWYVQYPNQGLQLLLKYTSAATLVKGINGFEAEFKKSETSFHLTKPSAHMSDAAEYFCAVS,GYSSASKIIFGSGTRLSIRP,CAVSGYSSASKIIF,MGFRLLCCVAFCLLGAPVDSGVTQTPKHLITATGQRVTLRCSPRSGDLSVYWYQQSLDQGLQFLIQYYNGEERAKGNILEGFSAQQFPDLHSELNLSSLELGDSALYFCASSV,NTEAFFGQGTRLTVV,CASSARDRGATEAFF,24873,38919
MSLSSLLKVVTASLWLPGIAQKITQTQPGMFVQEKEAVTLDCTYDTSDQSYGLFWYKQPSSGEMIFLIYQGSYDEQNATEGRYSLNFQKARKSANLVISASQLGDSAMYFCAMRE,*ETSGSRLTFGEGTQLTVNP,CAMREGGQETSGSRLTF,MSISLLCCAAFPLLWAPVNAGVTQTPKFRILKIGQSMTLQCTQDMNHNYMYWYRQDPGMGLKLIYYSVGAGITDKGEVPNGYNVSRSTTEDFPLRLELAAPSQTSVYFCASSY,STDTQYFGPGTRLTVL,CASSYSGRRADTQYF,5921,64285
MMKSLRVLLVILWLQLSVWSQQKEVEQNSGPLSVPEGAIASLNCTYSDRGSQSFFWYRQYSGKSPELIMSIYSNGDQEDGRFTAQLNKASQYVSLLIRDSQPSDSATYLCAVN,IYNQGGKLIFGQGTELSVKP,CAVNNQGGKLIF,MLLLLLLLGPSGLFPKQSLMLMATSNEGSKATYEQGVEKDKFLINHASLTLSTLTVTSAHPEDSSFYICSAR,SYNEQFFGPGTRLTVL,CSAPPPGLRYNEQFF,2410,15815
METLLGLLILWLQLQVSSKQEVTQIPAALSVPEGENLVLNCSFTDSAIYNLQWFRQDPGKGLTSLLLIQSSQREQTSGRLNASLDKSSGRSTLYIAASQPGDSATYLCAVR,SSGSARQLTFGSGTQLTVLP,CAPSGSARQLTF,MGPGLLCWVLLCLLGASVETGVTQSPTHLIKTRGQQVTLRCSSQSGHNTVSWYQQALGQGPQFIFQYYREEENGRGNFPPRFSGLQFPNYSSELNVNALELDDSALYLCASSL,SYNEQFFGPGTRLTVL,CASSLAVQNNEQFF,2950,21809
MLLITSMLVLWMQLSVNGQQVMQIPQYQHVQEGEDFTTYCNSSTTLSNIQWYKQRPGGHPVFLIQLVKSGEVKKQKRLTFQFGEAKKNSSLHITATQTTDVGTYFCAG,NSNSGYALNFGKGTSLLVTP,CAGQGSGYALNF,MGTRLFFYVALCLLWTHMDAGITQSPRHKVTETGTPVTLRCHQTENHRYMYWYRQDPGHGLRLIHYSYGVKDTDKGEVSDGYSVSRSKTEDFLLTLESATSSQTSVYFCAISE,STDTQYFGPGTRLTVL,CAISDLTQGNTDTQYF,6500,43757
MWGAFLLYVSMKMGTAGQSLEQPSEVTDVEGAIVQINCTYQTSGFYGLSWYQQHDGGAPTFLSYNGLDGLEETGRFSSFLSRSDSYGYLLLQELQMKDSASYFCAVR,IKAAGNKLTFGGGTRVLVKP,CAVVKAAGNKLTF,MLSPDLPDSAWNTRLLCHVMLCLLGASVAAGVIQSPRHLIKEKRETATLKCYPIPRHDTVYWYQQGPGQDPQFLISFYEKMQSDKGSIPDRFSAQQFSDYHSELNMSSLELGDSALYFCASSL,SYNEQFFGPGTRLTVL,CASSYPGSGGDEQFF,5549,21237
MRLVARVTVFLTFTIIDAKTTQPPSMDCAEGRAANLPCNHSTISGNEYVYWYRQIHSQGPQYIIHGLKNNETNEMASLIITEDRKSSTLTLPHATLRDTAVYYCIVRV,YSGGGADGLTFGKGTHLIIQP,CIVMDQEEVLTD,MSLGLLCCGAFSLLWAPVNAGVTQTPKFRVLKTGQSMTLLCAQDMNHEYMYWYRQDPGMGLRLIHYSVGEGTTAKGEVPDGYNVSRLKKQNFLLGLESAAPSQTSVYFCASSY,QETQYFGPGTRLLVL,CASSSPRGVATQYF,9384,59380
MLTASLLRAVIASICVSSMAQKVTQAQTEISVVEKEDVTLDCVYETRDTTYYLFWYKQPPSGELVFLIRRNSFDEQNEISGRYSWNFQKSTSSFNFTITASQVVDSAVYFCALSE,TQGGSEKLVFGKGTKLTVNP,CALKTQGGSEKLVF,MGTRLLCWAALCLLGAHTGAGVSQTPSNKVTEKGKYVELRCDPISGHTALYWYRQSLGQGPEFLIYFQGTGAADDSGLPNDRFFAVRTEGSVSTLKIQRTERGDSAVYLCASSL,SYNEQFFGPGTRLTVL,CASSLNGERYNEQFF,8103,61399
MNYSPGLVSLILLLLRTRGNSVTQMEGPVTLSEEAFLTINCTYTATGYPSLFWYVQYPGEGLQLLLKAMKADDKGSNKGFEATYRKETTSFHLEKGSVQVSDSAVYFCALS,ILTGGGNKLTFGTGTQLKVEL,CALKLTGGGNKLTF,MVSRLLSLVSLCLLGAHIEAGVTQFPSHSVIEKGQTVTLRCDPISGHDNLYWYRRVMGKEIKFLLHFVKESKQDESGMPNNRFLAERTGGTYSTLKVQPAELEDSGVYFCASSQ,SYEQYFGPGTRLTVT,CASSQGQGGSYEQYF,11813,57857
MTSIRAVFIFLWLQLDVNGENVEQHPSTLSVQEGDSAVIKCTYSDSASNYFPWYKQELGKGSQLIIDIRSNVGEKKDQRIAVTLNKTAKHFSLHITETQPEDSAVYFCAAS,GYSSASKIIFGSGTRLSIRP,CAASRWSSASKIIF,MSNQVLCCVVLCFLGATVDGGITQSPKYLFRKEGQNVTLSCEQNLNHDAMYWYRQDPGQGLRLIYYSQIVNDFQKGDIAEGYSVSREKKESFPLTVTSAQKNPTAFYLCASSI,AKNIQYFGAGTRLSVL,CASSGRDGRNIQYF,6181,21478
MASAPISMLAMLFTLGLRAQSVAQPEDQVNVAEGNPLTVKCTYSVSGNPYLFWYVQYPNRGLQFLLKYITGDNLVKGSYGFEAEFNKSQTSFHLKKPSALVSDSALYFCAVRD,GNTGGFKTIFGAGTRLFVKA,CAAGGFKTIF,MGPQLLGYVVLCLLGAPLEAQVTQNPRYLITVTGKKLTVTCSQNMNHEYMSWYRQDPGLGLRQIYYSMNVEATDKGDVPEGYKVSRKEKRNFPLILESPSPNQTSLYFCASSL,NTGELFFGEGSRLTVL,CASSLGSSPGELFF,25561,12171
METLLGLLILWLQLQVSSKQEVTQIPAALSVPEGENLVLNCSFTDSAIYNLQWFRQDPGKGLTSLLLIQSSQREQTSGRLNASLDKSSGRSTLYIAASQPGDSATYLCAVR,GNTGGFKTIFGAGTRLFVKA,CAVNTGGFKTIF,MGTRLFFYVALCLLWTHMDAGITQSPRHKVTETGTPVTLRCHQTENHRYMYWYRQDPGHGLRLIHYSYGVKDTDKGEVSDGYSVSRSKTEDFLLTLESATSSQTSVYFCAISE,SYNEQFFGPGTRLTVL,CAISESGGGEQFF,12629,51674
MASAPISMLAMLFTLGLRAQSVAQPEDQVNVAEGNPLTVKCTYSVSGNPYLFWYVQYPNRGLQFLLKYITGDNLVKGSYGFEAEFNKSQTSFHLKKPSALVSDSALYFCAVRD,YSGAGSYQLTFGKGTKLSVIP,CAVRPLYSGAGSYQLTF,MSIGLLCCAALSLLWAPVNAGVTQTPKFQVLKTGQSMTLQCAQDMNHEYMSWYRQDPGMGLRLIHYSVGAGITDQGEVPNGYNVSRSTTEDFPLRLLSAAPSQTSVYFCASSY,NYGYTFGSGTRLTVV,CASSPPGASPSNYGYTF,27164,8308
MAGIRALFMYLWLQLDVSRGESVGLHLPTLSVQEGDNSIINCAYSNSASDYFIWYKQESGKGPQFIIDIRSNMNKRQGQRVTVLLNKTVKHLSLQIAATQPGDSAVYFCAEN,GNTGGFKTIFGAGTRLFVKA,CAEPGVKTIF,MGTRLLCWVVLGFLGTHTGAGVSQSPRYKVAKRGQDVALRCDPISGHVSLFWYQQALGQGPEFLTYFQNEAQLDKSGLPSDRFFAERPEGSVSTLKIQRTQKEDSAVYLCASSL,SYEQYFGPGTRLTVT,CASSLGQTYEQYF,5339,38131
MMKSLRVLLVILWLQLSVWSQQKEVEQNSGPLSVPEGAIASLNCTYSDRGSQSFFWYRQYSGKSPELIMSIYSNGDQEDGRFTAQLNKASQYVSLLIRDSQPSDSATYLCAVN,FSGGYNKLIFGAGTRLAVHP,CAVKPSGGYNKLIF,MLLLLLLLGPSGLFPKQSLMLMATSNEGSKATYEQGVEKDKFLINHASLTLSTLTVTSAHPEDSSFYICSAR,SYNEQFFGPGTRLTVL,CSAGETSWTQFF,9629,58583
MWGVFLLYVSMKMGTTGQNIDQPTEMTATEGAIVQINCTYQTSGFNGLFWYQQHAGEAPTFLSYNVLDGLEEKGRFSSFLSRSKGYSYLLLKELQMKDSASYLCAVR,DSNYQLIWGAGTKLIIKP,CAALDSNYQLIW,MLLLLLLLGPSGLFPKQSLMLMATSNEGSKATYEQGVEKDKFLINHASLTLSTLTVTSAHPEDSSFYICSAR,SYNEQFFGPGTRLTVL,CSASGRGDYNEQFF,4061,22779
MRLVARVTVFLTFTIIDAKTTQPPSMDCAEGRAANLPCNHSTISGNEYVYWYRQIHSQGPQYIIHGLKNNETNEMASLIITEDRKSSTLTLPHATLRDTAVYYCIVRV,ILTGGGNKLTFGTGTQLKVEL,CIVSPGGGNKLTF,MGTRLLCWAALCLLGAHTGAGVSQTPSNKVTEKGKYVELRCDPISGHTALYWYRQSLGQGPEFLIYFQGTGAADDSGLPNDRFFAVRTEGSVSTLKIQRTERGDSAVYLCASSL,NTGELFFGEGSRLTVL,CASSLASGKYTGELFF,9491,51739
MNYSPGLVSLILLLLRTRGNSVTQMEGPVTLSEEAFLTINCTYTATGYPSLFWYVQYPGEGLQLLLKAMKADDKGSNKGFEATYRKETTSFHLEKGSVQVSDSAVYFCALS,NYGGSQGNLIFGKSTKLSVKP,CALSDRGGSQGNLIF,MGTRLLFWVAFCLLGAHTGAGVSQSPSNKVTEKGKDVELRQQCTRQIRAAQ*SLLCREDWGIRLHSDDPAHTAGGLGRLSLCQQLS,SYEQYFGPGTRLTVT,CASSLESFYEQYF,7825,47792
MAMLLGASVLILWLQPDVNSQQKNDDQQVKQNSPSLSVQEGRISILNCDYTNSMFDYFLWYKKYPAEGPTFLISISSIKDKNEDGRFTVFLNKSAKHLSLHIVPSQPGDSAVYFCAAS,YSGGGADGLTFGKGTHLIIQP,CAASGYSGGGADGLTF,MGTRLLFWVAFCLLGAHTGAGVSQSPSNKVTEKGKDVELRQQCTRQIRAAQ*SLLCREDWGIRLHSDDPAHTAGGLGRLSLCQQLS,QETQYFGPGTRLLVL,CASSLDRKTQYF,12093,58647
METLLGVSLVILWLQLAVNSQQGEEDPQALSIQEGENATMNCSYKTSINNLQWYRQNSGRGLVHLILIRSNEREKHSGRLRVTLDTSKKSSSLLITASRAADTASYFCATD,TTSGTYKYIFGTGTRLKVLA,CATAPGTYKYIF,MGTRLLCWVVLGFLGTHTGAGVSQSPRYKVAKRGQDVALRCDPISGHVSLFWYQQALGQGPEFLTYFQNEAQLDKSGLPSDRFFAERPEGSVSTLKIQRTQKEDSAVYLCASSL,STDTQYFGPGTRLTVL,CASREDWAVSGGPDNTDTQYF,3011,62802
MTRVSLLWAVVVSTCLSGMAQTVTQSQPEMSVQEAETVTLSCTYDTSESNYYLFWYKQPPSRQMILVIRQEAYKQQNATENRFSVNFQKAAKSFSLKISDSQLGDTAMYFCAFMK,NNNDMRFGAGTRLTVKP,CAFMFYPYNNNDMRF,MSISLLCCAAFPLLWAPVNAGVTQTPKFRILKIGQSMTLQCTQDMNHNYMYWYRQDPGMGLKLIYYSVGAGITDKGEVPNGYNVSRSTTEDFPLRLELAAPSQTSVYFCASSY,STDTQYFGPGTRLTVL,CASSLSGGPITDTQYF,6307,25926
MEKMLECAFIVLWLQLGLSGEDQVTQSPKALRLQEGESSSLNCSYTVSGLRGLFWYRQDPGKGPEFLFTLYSAGEEKEKERLKATLTKKESFLHITAPKPEDSATYLCAVQ,NSGGSNYKLTFGKGTLLTVNP,CAVQARLRDSGGSNYKLTF,MLCSLLALLLGTFFVRSQTIHQWPATLVQPVGSPLSLECTVEGTSNPNLYWYRQAAGRGLQLLFYSVGIGQISSEVPQNLSASRPQDRQFILSSKKLLLSDSGFYLCAWS,SGNTIYFGEGSWLTVV,CAWGQGFSGNTIYF,19280,35987
MRQVARVIVFLTLTLSLAKTTQPISMDSYEGQEVNITCSHNNIATNDYITWYQQFPSQGPRFIIQGYKTKVTNEVSSLFIPADRKSSTLSLPRVSLSDTAVYYCLVGD,DTGRRALTFGSGTRLQVQP,CLVAITGRRALTF,MDTWLVCWAIFSLLKALTEPEVTQTPSHQVTQMGQEVILHCVPISNHLYFYWYRQILGQKVEFLVSFYNNEISEKSEIFDDQFSVERPDGSNFTLKIRSTKLEDSAMYFCASSE,SYEQYFGPGTRLTVT,CASSEAGVSYEQYF,15709,51272
MDKILGASFLVLWLQLCVSGQQKEKSDQQQVKQSPQSLIVQKGGISIINCAYENTAFDYFPWYQQFPGKGPALLIAIRPDVSEKKEGRFTISFNKSAKQFSLHIMDSQPGDSATYFCAAS,IKAAGNKLTFGGGTRVLVKP,CAAAGAAGNKLTF,MDSWTLCCVSLCILVAHTDAGVIQSPRHEVTEMGQEVTLRCKPISGHDYLFWYRQTMMRGLELLIYFNNNVPIDDSGMPEDRFSAKMPNASFSTLKIQPSEPRDSAVYFCASSL,SYNEQFFGPGTRLTVL,CASSFRTPTGYNEQFF,4813,21222
MLLEHLLIILWMQLTVSGQQLNQSPQSMFTQEGEDVSMNCTSSSIFNT*LWYKQDPGEGPVLLIALYKAGELTSNGRLTAQFGITRKDSFLNISASIPSDVGIYFCAGQ,IYNQGGKLIFGQGTELSVKP,CAGPNNQGGKLIF,MDTWLVCWAIFSLLKALTEPEVTQTPSHQVTQMGQEVILHCVPISNHLYFYWYRQILGQKVEFLVSFYNNEISEKSEIFDDQFSVERPDGSNFTLKIRSTKLEDSAMYFCASSE,QETQYFGPGTRLLVL,CASSITRQGAETQYF,13414,25677
MLLLLVPVLEVIFTLGTRAQSVTQLGSHVSVSEGALVLLRCNYSSSVPPYLFWYVQYPNQGLQLLLKYTSAATLVKGINGFEAEFKKSETSFHLTKPSAHMSDAAEYFCAVS,NTGNQFYFGTGTSLTVIP,CAGPNTGNQFYF,MGPGLLHWMALCLLGTHGDAMVIQNPRYQVTQFGKPVTLSCSQTLNHNVMYWYQQKSSQAPKLLFHYYDKDFNNEADTPDNFQSRRPNTSFCFLDIRSPGLGDAAMYLCATSR,TNEKLFFGSGTQLSVL,CATSSVAGEKLFF,10837,19044
MLLELIPLLGIHFVLTARAQSVTQPDIHITVSEGASLELRCNYSYGATPYLFWYVQSPGQGLQLLLKYFSGDTLVQGIKGFEAEFKRSQSSFNLRKPSVHWSDAAEYFCAVG,NSGGYQKVTFGTGTKLQVIP,CAVGDGGYQKVTF,MLSPDLPDSAWNTRLLCHVMLCLLGASVAAGVIQSPRHLIKEKRETATLKCYPIPRHDTVYWYQQGPGQDPQFLISFYEKMQSDKGSIPDRFSAQQFSDYHSELNMSSLELGDSALYFCASSL,NYGYTFGSGTRLTVV,CASSPLESGDDGYTF,9041,42416
MMKSLRVLLVILWLQLSVWSQQKEVEQNSGPLSVPEGAIASLNCTYSDRGSQSFFWYRQYSGKSPELIMSIYSNGDQEDGRFTAQLNKASQYVSLLIRDSQPSDSATYLCAVN,NRDDKIIFGKGTRLHILP,CAVARDDKIIF,MGTRLLCWVVLGFLGTHTGAGVSQSPRYKVAKRGQDVALRCDPISGHVSLFWYQQALGQGPEFLTYFQNEAQLDKSGLPSDRFFAERPEGSVSTLKIQRTQKEDSAVYLCASSL,STDTQYFGPGTRLTVL,CASREDWAVSGGPDNTDTQYF,6876,47305
MACPGFLWALVISTCLFSMAQTVTQSQPEMSVQEAETVTLSCTYDTSESDYYLFWYKQPPSRQMILVIRQEAYKQQNATENRFSVNFQKAAKSFSLKISDSQLGDAAMYFCAYRS,NAGGTSYGKLTFGQGTILTVHP,CAYRSRAGGTSYGKLTF,MDTWLVCWAIFSLLKALTEPEVTQTPSHQVTQMGQEVILHCVPISNHLYFYWYRQILGQKVEFLVSFYNNEISEKSEIFDDQFSVERPDGSNFTLKIRSTKLEDSAMYFCASSE,SNQPQHFGDGTRLSIL,CASHPANQPQHF,13152,26298
MVKIRQFLLAILWLQLSVSAAKNEVEQSPQNLTAQEGEFITINCSYSVGISALHWLQQHPGGGIVSLFMLSSGKKKHGRLIATINIQEKHSSLHITASHPRDSAVYICAVR,SNFGNEKLTFGTGTRLTIIP,CAVGGVGNEKLTF,MLLLLLLLGPSGLFPKQSLMLMATSNEGSKATYEQGVEKDKFLINHASLTLSTLTVTSAHPEDSSFYICSAR,SNQPQHFGDGTRLSIL,CSARTGGATWQPQHF,5934,36183
MLTASLLRAVIASICVSSMAQKVTQAQTEISVVEKEDVTLDCVYETRDTTYYLFWYKQPPSGELVFLIRRNSFDEQNEISGRYSWNFQKSTSSFNFTITASQVVDSAVYFCALSE,DSNYQLIWGAGTKLIIKP,CALSEASSNYQLIW,MSNQVLCCVVLCFLGATVDGGITQSPKYLFRKEGQNVTLSCEQNLNHDAMYWYRQDPGQGLRLIYYSQIVNDFQKGDIAEGYSVSREKKESFPLTVTSAQKNPTAFYLCASSI,SGANVLTFGAGSRLTVL,CASSRRGDSSGANVLTF,11569,9099
MNYSPGLVSLILLLLRTRGNSVTQMEGPVTLSEEAFLTINCTYTATGYPSLFWYVQYPGEGLQLLLKAMKADDKGSNKGFEATYRKETTSFHLEKGSVQVSDSAVYFCALS,NNNAGNMLTFGGGTRLMVKP,CSENAGNMLTF,MGTSLLCWMALCLLGAHADTGVSQDPRHKITKRGQNVTFRCDPISEHNRLYWYRQTLGQGPEFLTYFQNEAQLEKSRLLSDRFSAERPKGSFPTLEIQRTEQGDSAMYLCASSL,SGANVLTFGAGSRLTVL,CASSRSSGANVLTF,5562,15072
MLLLLVPAFQVIFTLGTRAQSVTQLDSQVPVFEEAPVELRCNYSSSVSVYLFWYVQYPNQGLQLLLKYLSGSTLVKGINGFEAEFNKSQTSFHLRKPSVHISDTAEYFCAVS,NAGGTSYGKLTFGQGTILTVHP,CAVSEIEDGKLTF,MSNQVLCCVVLCFLGATVDGGITQSPKYLFRKEGQNVTLSCEQNLNHDAMYWYRQDPGQGLRLIYYSQIVNDFQKGDIAEGYSVSREKKESFPLTVTSAQKNPTAFYLCASSI,NTGELFFGEGSRLTVL,CASHRGAVTGELFF,12371,32880
MKTFAGFSFLFLWLQLDMSRGEDVEQSLFLSVREGDSSVINCTYTDSSSTYLYWYKQEPGAGLQLLTYIFSNMDMKQDQRLTVLLNKKDKHLSLRIADTQTGDSAIYFCAES,NTGFQKLVFGTGTRLLVSP,CAENLMNTGFQKLVF,MSNQVLCCVVLCFLGATVDGGITQSPKYLFRKEGQNVTLSCEQNLNHDAMYWYRQDPGQGLRLIYYSQIVNDFQKGDIAEGYSVSREKKESFPLTVTSAQKNPTAFYLCASSI,SYNEQFFGPGTRLTVL,CASSIRLAQSSYNEQFF,17511,38929
MWGVFLLYVSMKMGTTGQNIDQPTEMTATEGAIVQINCTYQTSGFNGLFWYQQHAGEAPTFLSYNVLDGLEEKGRFSSFLSRSKGYSYLLLKELQMKDSASYLCAVR,DSNYQLIWGAGTKLIIKP,CAEVDSNYQLIW,MSIGLLCCVAFSLLWAPVNAGVTQNPKFQVLKTGQSMTLQCAQDMNHNSMYWYRQDPGMGLRLIYYSASEGTTDKGEVPNGYNVSRLNKREFSLRLESAAPSQTSVYFCASSE,NTGELFFGEGSRLTVL,CASSETLGDTGELFF,14761,14174
MWGVFLLYVSMKMGTTGQNIDQPTEMTATEGAIVQINCTYQTSGFNGLFWYQQHAGEAPTFLSYNVLDGLEEKGRFSSFLSRSKGYSYLLLKELQMKDSASYLCAVR,DSNYQLIWGAGTKLIIKP,CAVMDSNYQLIW,MGIRLLCRVAFCFLAVLVDVKVTQSSRYLVKRTGEKVFLECVQDMDHENMFWYRQDPGLGLRLIYFSYDVKMKEKGDIPEGYSVSREKKERFSLILESASTNQTSMYLCASSL,NTGELFFGEGSRLTVL,CASSPRGLEVGELFF,6823,38650
MACPGFLWALVISTCLFSMAQTVTQSQPEMSVQEAETVTLSCTYDTSESDYYLFWYKQPPSRQMILVIRQEAYKQQNATENRFSVNFQKAAKSFSLKISDSQLGDAAMYFCAYRS,IQGAQKLVFGQGTRLTINP,CAYRRGAQKLVF,MGIRLLCRVAFCFLAVLVDVKVTQSSRYLVKRTGEKVFLECVQDMDHENMFWYRQDPGLGLRLIYFSYDVKMKEKGDIPEGYSVSREKKERFSLILESASTNQTSMYLCASSL,QETQYFGPGTRLLVL,CASSFSLAGSRETQYF,19824,40630
MLLLLVPAFQVIFTLGTRAQSVTQLDSQVPVFEEAPVELRCNYSSSVSVYLFWYVQYPNQGLQLLLKYLSGSTLVKGINGFEAEFNKSQTSFHLRKPSVHISDTAEYFCAVS,SNFGNEKLTFGTGTRLTIIP,CAVSGDFGNEKLTF,MGTRLLFWVAFCLLGAHTGAGVSQSPSNKVTEKGKDVELRQQCTRQIRAAQ*SLLCREDWGIRLHSDDPAHTAGGLGRLSLCQQLS,NTGELFFGEGSRLTVL,CASSPTGQLRELFF,9658,50110
MEKMLECAFIVLWLQLGLSGEDQVTQSPKALRLQEGESSSLNCSYTVSGLRGLFWYRQDPGKGPEFLFTLYSAGEEKEKERLKATLTKKESFLHITAPKPEDSATYLCAVQ,NAGNNRKLIWGLGTSLAVNP,CAVRRNAGNNRKLIW,MLLLLLLLGPSGLFPKQSLMLMATSNEGSKATYEQGVEKDKFLINHASLTLSTLTVTSAHPEDSSFYICSAR,SYEQYFGPGTRLTVT,CSARDLRGEQYF,16408,13073
MAGIRALFMYLWLQLDVSRGESVGLHLPTLSVQEGDNSIINCAYSNSASDYFIWYKQESGKGPQFIIDIRSNMNKRQGQRVTVLLNKTVKHLSLQIAATQPGDSAVYFCAEN,NNNARLMFGDGTQLVVKP,CAENNPNNARLMF,MGPGLLCWVLLCLLGASVETGVTQSPTHLIKTRGQQVTLRCSSQSGHNTVSWYQQALGQGPQFIFQYYREEENGRGNFPPRFSGLQFPNYSSELNVNALELDDSALYLCASSL,NYGYTFGSGTRLTVV,CASSLAGLDDGYTF,13709,16651
METLLGVSLVILWLQLAVNSQQGEEDPQALSIQEGENATMNCSYKTSINNLQWYRQNSGRGLVHLILIRSNEREKHSGRLRVTLDTSKKSSSLLITASRAADTASYFCATD,SNFGNEKLTFGTGTRLTIIP,CATEGDFGNEKLTF,MGCRLLCCAVLCLLGAPMETGVTQTPRHLVMGMTNKKSLKCEQHLGHNAMYWYKQSAKKPLELMFVYNFKEQTENNSVPSRFSPECPNSSHLFLHLHTLQPEDSALFLCASSQ,TNEKLFFGSGTQLSVL,CASSSTGFNEKLFF,7970,11601
MLLLLVPVLEVIFTLGTRAQSVTQLGSHVSVSEGALVLLRCNYSSSVPPYLFWYVQYPNQGLQLLLKYTSAATLVKGINGFEAEFKKSETSFHLTKPSAHMSDAAEYFCAVS,NNNDMRFGAGTRLTVKP,CAVTGGNNDMRF,MGPGLLHWMALCLLGTHGDAMVIQNPRYQVTQFGKPVTLSCSQTLNHNVMYWYQQKSSQAPKLLFHYYDKDFNNEADTPDNFQSRRPNTSFCFLDIRSPGLGDAAMYLCATSR,QETQYFGPGTRLLVL,CATSAWDREGGQYF,8181,30191
MDKILGASFLVLWLQLCVSGQQKEKSDQQQVKQSPQSLIVQKGGISIINCAYENTAFDYFPWYQQFPGKGPALLIAIRPDVSEKKEGRFTISFNKSAKQFSLHIMDSQPGDSATYFCAAS,NAGNNRKLIWGLGTSLAVNP,CAAIHNAGNNRKLIW,MGPGLLCWVLLCLLGASVETGVTQSPTHLIKTRGQQVTLRCSSQSGHNTVSWYQQALGQGPQFIFQYYREEENGRGNFPPRFSGLQFPNYSSELNVNALELDDSALYLCASSL,QETQYFGPGTRLLVL,CASSPRTSGSAETQYF,5119,56465
MAMLLGASVLILWLQPDVNSQQKNDDQQVKQNSPSLSVQEGRISILNCDYTNSMFDYFLWYKKYPAEGPTFLISISSIKDKNEDGRFTVFLNKSAKHLSLHIVPSQPGDSAVYFCAAS,SNFGNEKLTFGTGTRLTIIP,CAASGGNFGNEKLTF,MDTWLVCWAIFSLLKALTEPEVTQTPSHQVTQMGQEVILHCVPISNHLYFYWYRQILGQKVEFLVSFYNNEISEKSEIFDDQFSVERPDGSNFTLKIRSTKLEDSAMYFCASSE,AKNIQYFGAGTRLSVL,CASSTGGRGKNIQYF,6585,62728
MTRVSLLWAVVVSTCLSGMAQTVTQSQPEMSVQEAETVTLSCTYDTSESNYYLFWYKQPPSRQMILVIRQEAYKQQNATENRFSVNFQKAAKSFSLKISDSQLGDTAMYFCAFMK,NYGGSQGNLIFGKSTKLSVKP,CALNYGGSQGNLIF,MGFRLLCCVAFCLLGAPVDSGVTQTPKHLITATGQRVTLRCSPRSGDLSVYWYQQSLDQGLQFLIQYYNGEERAKGNILEGFSAQQFPDLHSELNLSSLELGDSALYFCASSV,NTGELFFGEGSRLTVL,CASSVESGGANTGELFF,6704,41879
MKPTLISVLVIIFILGTRAQRVTQPEKLLSVFKGAPVELKCNYSYSGSPELFWYVQYSRQRLQLLLRHISRESIKGFTADLNKGETSFHLKKPFAQEEDSAMYYCALS,YSGGGADGLTFGKGTHLIIQP,CALSVQEEVLTD,MGCRLLCCAVLCLLGAPMETGVTQTPRHLVMGMTNKKSLKCEQHLGHNAMYWYKQSAKKPLELMFVYSLEERVENNSVPSRFSPECPNSSHLFLHLHTLQPEDSALYLCASSQ,SYNSPLHFGNGTRLTVT,CASSHLGNSPLHF,12910,13743
MASAPISMLAMLFTLGLRAQSVAQPEDQVNVAEGNPLTVKCTYSVSGNPYLFWYVQYPNRGLQFLLKYITGDNLVKGSYGFEAEFNKSQTSFHLKKPSALVSDSALYFCAVRD,YNFNKFYFGSGTKLNVKP,CAVSPRAIYNFNKFYF,MGCRLLCCAVLCLLGAPMETGVTQTPRHLVMGMTNKKSLKCEQHLGHNAMYWYKQSAKKPLELMFVYSLEERVENNSVPSRFSPECPNSSHLFLHLHTLQPEDSALYLCASSQ,STDTQYFGPGTRLTVL,CASSQGGAALSTDTQYF,12676,61249
MASAPISMLAMLFTLGLRAQSVAQPEDQVNVAEGNPLTVKCTYSVSGNPYLFWYVQYPNRGLQFLLKYITGDNLVKGSYGFEAEFNKSQTSFHLKKPSALVSDSALYFCAVRD,NRDDKIIFGKGTRLHILP,CAVRALRRDDKIIF,MGCRLLCCAVLCLLGAPMETGVTQTPRHLVMGMTNKKSLKCEQHLGHNAMYWYKQSAKKPLELMFVYSLEERVENNSVPSRFSPECPNSSHLFLHLHTLQPEDSALYLCASSQ,SYNEQFFGPGTRLTVL,CASSSSHPGGWQFF,7586,41592
METLLGVSLVILWLQLAVNSQQGEEDPQALSIQEGENATMNCSYKTSINNLQWYRQNSGRGLVHLILIRSNEREKHSGRLRVTLDTSKKSSSLLITASRAADTASYFCATD,NNNDMRFGAGTRLTVKP,CATYDMRF,MGPGLLCWVLLCLLGASVETGVTQSPTHLIKTRGQQVTLRCSSQSGHNTVSWYQQALGQGPQFIFQYYREEENGRGNFPPRFSGLQFPNYSSELNVNALELDDSALYLCASSL,STDTQYFGPGTRLTVL,CASSLGGPSTDTQYF,5944,43748
MLLLLVPVLEVIFTLGTRAQSVTQLGSHVSVSEGALVLLRCNYSSSVPPYLFWYVQYPNQGLQLLLKYTSAATLVKGINGFEAEFKKSETSFHLTKPSAHMSDAAEYFCAVS,NQAGTALIFGKGTTLSVSS,CAVRLARAGTALIF,MSNQVLCCVVLCFLGATVDGGITQSPKYLFRKEGQNVTLSCEQNLNHDAMYWYRQDPGQGLRLIYYSQIVNDFQKGDIAEGYSVSREKKESFPLTVTSAQKNPTAFYLCASSI,STDTQYFGPGTRLTVL,CAIGTGLPTDTQYF,5507,35313
MASAPISMLAMLFTLGLRAQSVAQPEDQVNVAEGNPLTVKCTYSVSGNPYLFWYVQYPNRGLQFLLKYITGDNLVKGSYGFEAEFNKSQTSFHLKKPSALVSDSALYFCAVRD,FSGGYNKLIFGAGTRLAVHP,CAVRDGAGGYNKLIF,MDSWTLCCVSLCILVAHTDAGVIQSPRHEVTEMGQEVTLRCKPISGHDYLFWYRQTMMRGLELLIYFNNNVPIDDSGMPEDRFSAKMPNASFSTLKIQPSEPRDSAVYFCASSL,NTGELFFGEGSRLTVL,CASSPTYGNTGELFF,14393,50325
MKKHLTTFLVILWLYFYGNGKNQVEQSPQSLIILEGKNCTLQCNYTVSPFSNLRWYKQDTGRGPVSLTIMTFSENTKSNGRYTATLDADTKQSSLHITASQLSDSASYICVVS,TTSGTYKYIFGTGTRLKVLA,CVVSANSGTYKYIF,MGSRLLCWVLLCLLGAPVKAGVTQTPRYLIKTRGQQVTLSCSPISGHRSVSWYQQTPGQGLQFLFEYFSETQRNKGNFPGRFSGRQFSNSRSEMNVSTLELGDSALYLCASSL,SYEQYFGPGTRLTVT,CASSLYWRGSSYEQYF,24311,51525
METLLGLLILWLQLQVSSKQEVTQIPAALSVPEGENLVLNCSFTDSAIYNLQWFRQDPGKGLTSLLLIQSSQREQTSGRLNASLDKSSGRSTLYIAASQPGDSATYLCAVR,IGFGNVLHCGSGTQVIVLP,CAVRGFGNVLHC,MGTRLLFWVAFCLLGAHTGAGVSQSPSNKVTEKGKDVELRQQCTRQIRAAQ*SLLCREDWGIRLHSDDPAHTAGGLGRLSLCQQLS,STDTQYFGPGTRLTVL,CASIKEGTPITDTQYF,16422,14792
MKTFAGFSFLFLWLQLDMSRGEDVEQSLFLSVREGDSSVINCTYTDSSSTYLYWYKQEPGAGLQLLTYIFSNMDMKQDQRLTVLLNKKDKHLSLRIADTQTGDSAIYFCAES,TTDSWGKLQFGAGTQVVVTP,CAEGATDSWGKLQF,MSIGLLCCVAFSLLWAPVNAGVTQNPKFQVLKTGQSMTLQCAQDMNHNSMYWYRQDPGMGLRLIYYSASEGTTDKGEVPNGYNVSRLNKREFSLRLESAAPSQTSVYFCASSE,STDTQYFGPGTRLTVL,CASSEALAGGPTDTQYF,11833,39936
MASAPISMLAMLFTLGLRAQSVAQPEDQVNVAEGNPLTVKCTYSVSGNPYLFWYVQYPNRGLQFLLKYITGDNLVKGSYGFEAEFNKSQTSFHLKKPSALVSDSALYFCAVRD,SNDYKLSFGAGTTVTVRA,CAVRDIGDYKLSF,MVSRLLSLVSLCLLGAHIEAGVTQFPSHSVIEKGQTVTLRCDPISGHDNLYWYRRVMGKEIKFLLHFVKESKQDESGMPNNRFLAERTGGTYSTLKVQPAELEDSGVYFCASSQ,SYEQYFGPGTRLTVT,CASSREGGQGGEQYF,4627,26462
MLLITSMLVLWMQLSVNGQQVMQIPQYQHVQEGEDFTTYCNSSTTLSNIQWYKQRPGGHPVFLIQLVKSGEVKKQKRLTFQFGEAKKNSSLHITATQTTDVGTYFCAG,NAGGTSYGKLTFGQGTILTVHP,CAGGGTSYGKLTF,MGTRLLCWAALCLLGAHTGAGVSQTPSNKVTEKGKYVELRCDPISGHTALYWYRQSLGQGPEFLIYFQGTGAADDSGLPNDRFFAVRTEGSVSTLKIQRTERGDSAVYLCASSL,STDTQYFGPGTRLTVL,CASSPQTSKVDTQYF,6646,41482
MWGVFLLYVSMKMGTTGQNIDQPTEMTATEGAIVQINCTYQTSGFNGLFWYQQHAGEAPTFLSYNVLDGLEEKGRFSSFLSRSKGYSYLLLKELQMKDSASYLCAVR,DSNYQLIWGAGTKLIIKP,CAVMDSNYQLIW,MLLLLLLLGPSGLFPKQSLMLMATSNEGSKATYEQGVEKDKFLINHASLTLSTLTVTSAHPEDSSFYICSAR,NTEAFFGQGTRLTVV,CSTRTGNTEAFF,5331,23947
MISLRVLLVILWLQLSVWSQRKEVEQDPGPFNVPEGATVAFNCTYSNSASQSFFWYRQDCRKEPKLLMSVYSSGNEDGRFTAQLNRASQYISLLIRDSKLSDSATYLCVVN,NNNARLMFGDGTQLVVKP,CVVNGGNNNARLMF,MASLLFFCGAFYLLGTSMDADVTQTPRNRITKTGKRIMLECSQTKGHDRMYWYRQDPGLGLRLIYYSFDVKDINKGEISDGYSVSRQAQAKFSLSLESAIPNQTALYFCATSDL,QETQYFGPGTRLLVL,CATSVSGTSGNRETQYF,4782,32543
MKRILGALLGLLSAQVCVRGIQVEQSPPDLILQEGANSTLLCNFSDSVNNLQWFHQNPWGQLINLFYIPSGTKQNGRLSATTVATERYSLLYISSSQTTDSGVYFCAVE,NSGGSNYKLTFGKGTLLTVNP,CAVEQGGSNYKLTF,MGPQLLGYVVLCLLGAPLEAQVTQNPRYLITVTGKKLTVTCSQNMNHEYMSWYRQDPGLGLRQIYYSMNVEATDKGDVPEGYKVSRKEKRNFPLILESPSPNQTSLYFCASSL,SYEQYFGPGTRLTVT,CASSMTQEGYEQYF,6072,14886
MTRVSLLWAVVVSTCLSGMAQTVTQSQPEMSVQEAETVTLSCTYDTSESNYYLFWYKQPPSRQMILVIRQEAYKQQNATENRFSVNFQKAAKSFSLKISDSQLGDTAMYFCAFMK,IQGAQKLVFGQGTRLTINP,CAFMIKGAQKLVF,MGCRLLCCAVLCLLGAPMETGVTQTPRHLVMGMTNKKSLKCEQHLGHNAMYWYKQSAKKPLELMFVYNFKEQTENNSVPSRFSPECPNSSHLFLHLHTLQPEDSALFLCASSQ,SYEQYFGPGTRLTVT,CASSQLWGLAGAENEQYF,8082,54459
MLLELIPLLGIHFVLTARAQSVTQPDIHITVSEGASLELRCNYSYGATPYLFWYVQSPGQGLQLLLKYFSGDTLVQGIKGFEAEFKRSQSSFNLRKPSVHWSDAAEYFCAVG,FSGGYNKLIFGAGTRLAVHP,CAVGAQSGGYNKLIF,MSIGLLCCVAFSLLWAPVNAGVTQNPKFQVLKTGQSMTLQCAQDMNHNSMYWYRQDPGMGLRLIYYSASEGTTDKGEVPNGYNVSRLNKREFSLRLESAAPSQTSVYFCASSE,SYEQYFGPGTRLTVT,CASSGTLGFRTPEQYV,6157,32078
MSLSSLLKVVTASLWLPGIAQKITQTQPGMFVQEKEAVTLDCTYDTSDQSYGLFWYKQPSSGEMIFLIYQGSYDEQNATEGRYSLNFQKARKSANLVISASQLGDSAMYFCAMRE,NYGGSQGNLIFGKSTKLSVKP,CAMRGSQGNLIF,MGCRLLCCAVLCLLGAPIDTEVTQTPKHLVMGMTNKKSLKCEQHMGHRAMYWYKQKAKKPPELMFVYSYEKLSINESVRSRFSPECPNSSLLNLHLHALQPEDSALYLCASSQ,NYGYTFGSGTRLTVV,CASSQDRQQGDPYGYTF,8934,16659
METLLGVSLVILWLQLAVNSQQGEEDPQALSIQEGENATMNCSYKTSINNLQWYRQNSGRGLVHLILIRSNEREKHSGRLRVTLDTSKKSSSLLITASRAADTASYFCATD,SNDYKLSFGAGTTVTVRA,CATDGDYKLSF,MDSWTFCCVSLCILVAHTQTMMRGLELLIYFNNNVPIDDSGMPEDRFSAKMPNASFSTLKIQPSEPRDSAVYFCASSL,SYNEQFFGPGTRLTVL,CASSSYNEQFF,19860,33166
MLLLLIPVLGMIFALDARAQSVSQHNHHVILSEAASLELGCNYSYGGTVNLFWYVQYPGQHLQLLLKYFSGDPLVKGIKGFEAEFIKSKFSFNLRKPSVQWSDTAEYFCAVN,YNFNKFYFGSGTKLNVKP,CAVKGNFNKFYF,MGPGLLCWVLLCLLGASVETGVTQSPTHLIKTRGQQVTLRCSSQSGHNTVSWYQQALGQGPQFIFQYYREEENGRGNFPPRFSGLQFPNYSSELNVNALELDDSALYLCASSL,SNQPQHFGDGTRLSIL,CASSLGEGPQHF,20434,16809
MLLELIPLLGIHFVLTARAQSVTQPDIHITVSEGASLELRCNYSYGATPYLFWYVQSPGQGLQLLLKYFSGDTLVQGIKGFEAEFKRSQSSFNLRKPSVHWSDAAEYFCAVG,EYGNKLVFGAGTILRVKS,CAVGARFDGNKLVF,MLLLLLLLGPSGLFPKQSLMLMATSNEGSKATYEQGVEKDKFLINHASLTLSTLTVTSAHPEDSSFYICSAR,SYNEQFFGPGTRLTVL,CSARGLALSYNEQFF,13312,41911
MLLELIPLLGIHFVLTARAQSVTQPDIHITVSEGASLELRCNYSYGATPYLFWYVQSPGQGLQLLLKYFSGDTLVQGIKGFEAEFKRSQSSFNLRKPSVHWSDAAEYFCAVG,GNTGGFKTIFGAGTRLFVKA,CAVGAVAGGFKTIF,MSNQVLCCVVLCFLGATVDGGITQSPKYLFRKEGQNVTLSCEQNLNHDAMYWYRQDPGQGLRLIYYSQIVNDFQKGDIAEGYSVSREKKESFPLTVTSAQKNPTAFYLCASSI,SGNTIYFGEGSWLTVV,CASSRDPSSGNTIYF,5577,23664
MAGIRALFMYLWLQLDVSRGESVGLHLPTLSVQEGDNSIINCAYSNSASDYFIWYKQESGKGPQFIIDIRSNMNKRQGQRVTVLLNKTVKHLSLQIAATQPGDSAVYFCAEN,GYSSASKIIFGSGTRLSIRP,CADLRGDSSASKIIF,MGPGLLHWMALCLLGTHGDAMVIQNPRYQVTQFGKPVTLSCSQTLNHNVMYWYQQKSSQAPKLLFHYYDKDFNNEADTPDNFQSRRPNTSFCFLDIRSPGLGDAAMYLCATSR,SNQPQHFGDGTRLSIL,CATSVDTYQPQHF,10149,14803
MMKSLRVLLVILWLQLSVWSQQKEVEQNSGPLSVPEGAIASLNCTYSDRGSQSFFWYRQYSGKSPELIMSIYSNGDQEDGRFTAQLNKASQYVSLLIRDSQPSDSATYLCAVN,ILTGGGNKLTFGTGTQLKVEL,CAVKGITGGGNKLTF,MGFRLLCCVAFCLLGAPVDSGVTQTPKHLITATGQRVTLRCSPRSGDLSVYWYQQSLDQGLQFLIQYYNGEERAKGNILEGFSAQQFPDLHSELNLSSLELGDSALYFCASSV,NTGELFFGEGSRLTVL,CASSVAQDIRTTGELFF,5391,20221
MSLSSLLKVVTASLWLPGIAQKITQTQPGMFVQEKEAVTLDCTYDTSDQSYGLFWYKQPSSGEMIFLIYQGSYDEQNATEGRYSLNFQKARKSANLVISASQLGDSAMYFCAMRE,ILTGGGNKLTFGTGTQLKVEL,CAMREGAAGGGNKLTF,MDTWLVCWAIFSLLKALTEPEVTQTPSHQVTQMGQEVILHCVPISNHLYFYWYRQILGQKVEFLVSFYNNEISEKSEIFDDQFSVERPDGSNFTLKIRSTKLEDSAMYFCASSE,QETQYFGPGTRLLVL,CASSEVADAETQYF,9813,21254
MVLKFSVSILWIQLAVSTQLLEQSPQFLSIQEGENLTVYCNSSSVFSSLQWYRQEPGEGPVLLVTVVTGGEVKKLKRLTFQFGDARKDSSLHITAAQPGDTGLYLCAG,SNDYKLSFGAGTTVTVRA,CAGGTTDYKLSF,MGFRLLCCVAFCLLGAPVDSGVTQTPKHLITATGQRVTLRCSPRSGDLSVYWYQQSLDQGLQFLIQYYNGEERAKGNILEGFSAQQFPDLHSELNLSSLELGDSALYFCASSV,QETQYFGPGTRLLVL,CASSVGSRTGMETQYF,13255,38534
MWGVFLLYVSMKMGTTGQNIDQPTEMTATEGAIVQINCTYQTSGFNGLFWYQQHAGEAPTFLSYNVLDGLEEKGRFSSFLSRSKGYSYLLLKELQMKDSASYLCAVR,DSNYQLIWGAGTKLIIKP,CAVMDSNYQLIW,MLLLLLLLGPSGLFPKQSLMLMATSNEGSKATYEQGVEKDKFLINHASLTLSTLTVTSAHPEDSSFYICSAR,NTGELFFGEGSRLTVL,CSARAGQHDTGELFF,12206,19640
MSLSSLLKVVTASLWLPGIAQKITQTQPGMFVQEKEAVTLDCTYDTSDQSYGLFWYKQPSSGEMIFLIYQGSYDEQNATEGRYSLNFQKARKSANLVISASQLGDSAMYFCAMRE,GNTGGFKTIFGAGTRLFVKA,CAMRRNTGGFKTIF,MLLLLLLLGPSGLFPKQSLMLMATSNEGSKATYEQGVEKDKFLINHASLTLSTLTVTSAHPEDSSFYICSAR,SYNSPLHFGNGTRLTVT,CSAIRQDSYNSPLHF,20637,24180
MMKSLRVLLVILWLQLSVWSQQKEVEQNSGPLSVPEGAIASLNCTYSDRGSQSFFWYRQYSGKSPELIMSIYSNGDQEDGRFTAQLNKASQYVSLLIRDSQPSDSATYLCAVN,NYGGSQGNLIFGKSTKLSVKP,CAVNENYGGSQGNLIF,MGTRLLCWAALCLLGALTEAGVAQSPRYKIIEKRQSVAFWCNPISGHATLYWYQQILGQGPKLLIQFQNNGVVDDSQLPKDRFSAERLKGVDSTLKIQPAKLEDSAVYLCASSL,SNQPQHFGDGTRLSIL,CASSLDRGQPQHF,6621,23994
METLLGLLILWLQLQVSSKQEVTQIPAALSVPEGENLVLNCSFTDSAIYNLQWFRQDPGKGLTSLLLIQSSQREQTSGRLNASLDKSSGRSTLYIAASQPGDSATYLCAVR,NTGNQFYFGTGTSLTVIP,CAVMKALSGNQFYF,MGTRLLCWAALCLLGALTEAGVAQSPRYKIIEKRQSVAFWCNPISGHATLYWYQQILGQGPKLLIQFQNNGVVDDSQLPKDRFSAERLKGVDSTLKIQPAKLEDSAVYLCASSL,NTGELFFGEGSRLTVL,CASSPGRGRRAGELFF,5668,67772
METLLGVSLVILWLQLAVNSQQGEEDPQALSIQEGENATMNCSYKTSINNLQWYRQNSGRGLVHLILIRSNEREKHSGRLRVTLDTSKKSSSLLITASRAADTASYFCATD,YSGAGSYQLTFGKGTKLSVIP,CATDAKGYSGAGSYQLTF,MDSWTLCCVSLCILVAHTDAGVIQSPRHEVTEMGQEVTLRCKPISGHDYLFWYRQTMMRGLELLIYFNNNVPIDDSGMPEDRFSAKMPNASFSTLKIQPSEPRDSAVYFCASSL,STDTQYFGPGTRLTVL,CASNLGLAGGHDTDTQYF,12384,30357
MLLELIPLLGIHFVLTARAQSVTQPDIHITVSEGASLELRCNYSYGATPYLFWYVQSPGQGLQLLLKYFSGDTLVQGIKGFEAEFKRSQSSFNLRKPSVHWSDAAEYFCAVG,ILTGGGNKLTFGTGTQLKVEL,CAVVDTGGGNKLTF,MSIGLLCCVAFSLLWAPVNAGVTQNPKFQVLKTGQSMTLQCAQDMNHNSMYWYRQDPGMGLRLIYYSASEGTTDKGEVPNGYNVSRLNKREFSLRLESAAPSQTSVYFCASSE,NTGELFFGEGSRLTVL,CASSPMEHTGELFF,13457,48804
MMKSLRVLLVILWLQLSVWSQQKEVEQDPGPLSVPEGAIVSLNCTYSNSAFQYFMWYRQYSRKGPELLMYTYSSGNKEDGRFTAQVDKSSKYISLFIRDSQPSDSATYLCAMS,NRDDKIIFGKGTRLHILP,CAMTERDDKIIF,MSISLLCCAAFPLLWAPVNAGVTQTPKFRILKIGQSMTLQCTQDMNHNYMYWYRQDPGMGLKLIYYSVGAGITDKGEVPNGYNVSRSTTEDFPLRLELAAPSQTSVYFCASSY,SYEQYFGPGTRLTVT,CASSYSSDEQYF,33360,38026
MLLLLVPAFQVIFTLGTRAQSVTQLDSQVPVFEEAPVELRCNYSSSVSVYLFWYVQYPNQGLQLLLKYLSGSTLVKGINGFEAEFNKSQTSFHLRKPSVHISDTAEYFCAVS,NSGGYQKVTFGTGTKLQVIP,CAVTKPGGYQKVTF,MGIRLLCRVAFCFLAVLVDVKVTQSSRYLVKRTGEKVFLECVQDMDHENMFWYRQDPGLGLRLIYFSYDVKMKEKGDIPEGYSVSREKKERFSLILESASTNQTSMYLCASSL,SGNTIYFGEGSWLTVV,CASSWPGERNTIYF,5949,21203
MTSIRAVFIFLWLQLDVNGENVEQHPSTLSVQEGDSAVIKCTYSDSASNYFPWYKQELGKGSQLIIDIRSNVGEKKDQRIAVTLNKTAKHFSLHITETQPEDSAVYFCAAS,NTNAGKSTFGDGTTLTVKP,CAARGNAGKSTF,MDSWTFCCVSLCILVAHTQTMMRGLELLIYFNNNVPIDDSGMPEDRFSAKMPNASFSTLKIQPSEPRDSAVYFCASSL,STDTQYFGPGTRLTVL,CASSFPTDPQQIPQYF,4850,42914
MMKSLRVLLVILWLQLSVWSQQKEVEQDPGPLSVPEGAIVSLNCTYSNSAFQYFMWYRQYSRKGPELLMYTYSSGNKEDGRFTAQVDKSSKYISLFIRDSQPSDSATYLCAMS,ILTGGGNKLTFGTGTQLKVEL,CAMIRGGGNKLTF,MGTRLLFWVAFCLLGAHTGAGVSQSPSNKVTEKGKDVELRQQCTRQIRAAQ*SLLCREDWGIRLHSDDPAHTAGGLGRLSLCQQLS,SNQPQHFGDGTRLSIL,CASSVGTNQPQHF,7716,65227
MNYSPGLVSLILLLLRTRGNSVTQMEGPVTLSEEAFLTINCTYTATGYPSLFWYVQYPGEGLQLLLKAMKADDKGSNKGFEATYRKETTSFHLEKGSVQVSDSAVYFCALS,TTSGTYKYIFGTGTRLKVLA,CALTTSGTYKYIF,MDSWTFCCVSLCILVAHTQTMMRGLELLIYFNNNVPIDDSGMPEDRFSAKMPNASFSTLKIQPSEPRDSAVYFCASSL,STDTQYFGPGTRLTVL,CASINTVVTDTQYF,10591,18614
MISLRVLLVILWLQLSVWSQRKEVEQDPGPFNVPEGATVAFNCTYSNSASQSFFWYRQDCRKEPKLLMSVYSSGNEDGRFTAQLNRASQYISLLIRDSKLSDSATYLCVVN,NQAGTALIFGKGTTLSVSS,CVVTAPGQAGTALIF,MLCSLLALLLGTFFVRSQTIHQWPATLVQPVGSPLSLECTVEGTSNPNLYWYRQAAGRGLQLLFYSVGIGQISSEVPQNLSASRPQDRQFILSSKKLLLSDSGFYLCAWS,NYGYTFGSGTRLTVV,CAWRKGGYTF,11291,34461
METVLQVLLGILGFQAAVSSQELEQSPQSLIVQEGKNLTINCTSSKTLYGLYWYKQKYGEGLIFLMMLQKGGEEKSHEKITAKLDEKKQQSSLHITASQPSHAGTYLCGAD,EYGNKLVFGAGTILRVKS,CGADMKYGNKLVF,MGIRLLCRVAFCFLAVLVDVKVTQSSRYLVKRTGEKVFLECVQDMDHENMFWYRQDPGLGLRLIYFSYDVKMKEKGDIPEGYSVSREKKERFSLILESASTNQTSMYLCASSL,NTGELFFGEGSRLTVL,CASSLWRLAGGPGELFF,1028,24950
MALQSTLGAVWLGLLLNSLWKAESKDQVFQPSTVASSEGAVVEIFCNHSVSNAYNFFWYLHFPGCAPRLLVNGSKPSQQGRYNMTYERFSSSLLILQVREADAAVYYCAVE,NNNARLMFGDGTQLVVKP,CAVEDWSARLMF,MGTRLLCWAALCLLGALTEAGVAQSPRYKIIEKRQSVAFWCNPISGHATLYWYQQILGQGPKLLIQFQNNGVVDDSQLPKDRFSAERLKGVDSTLKIQPAKLEDSAVYLCASSL,SYNSPLHFGNGTRLTVT,CASSLGFRETNSPLHF,7602,13220
MAGIRALFMYLWLQLDVSRGESVGLHLPTLSVQEGDNSIINCAYSNSASDYFIWYKQESGKGPQFIIDIRSNMNKRQGQRVTVLLNKTVKHLSLQIAATQPGDSAVYFCAEN,NNNARLMFGDGTQLVVKP,CAENSDNNARLMF,MGSRLLCWVLLCLLGAPVKAGVTQTPRYLIKTRGQQVTLSCSPISGHRSVSWYQQTPGQGLQFLFEYFSETQRNKGNFPGRFSGRQFSNSRSEMNVSTLELGDSALYLCASSL,SYNEQFFGPGTRLTVL,CASNAGTGVNEQFF,899,52564
MKPTLISVLVIIFILGTRAQRVTQPEKLLSVFKGAPVELKCNYSYSGSPELFWYVQYSRQRLQLLLRHISRESIKGFTADLNKGETSFHLKKPFAQEEDSAMYYCALS,DRGSTLGRLYFGRGTQLTVWP,CALKDRGSTLGRLYF,MGPGLLCWALLCLLGALVDAGVTQSPTHLIKTRGQQVTLRCSPKSGHDTVSWYQQALGQGPQFIFQYYEEEERQRGNFPDRFSGHQFPNYSSELNVNALLLGDSALYLCASSL,NTGELFFGEGSRLTVL,CASSFWLNTGELFF,6368,31633
MLLLLVPAFQVIFTLGTRAQSVTQLDSQVPVFEEAPVELRCNYSSSVSVYLFWYVQYPNQGLQLLLKYLSGSTLVKGINGFEAEFNKSQTSFHLRKPSVHISDTAEYFCAVS,NQAGTALIFGKGTTLSVSS,CAVSPPQAGTALIF,MSNQVLCCVVLCFLGATVDGGITQSPKYLFRKEGQNVTLSCEQNLNHDAMYWYRQDPGQGLRLIYYSQIVNDFQKGDIAEGYSVSREKKESFPLTVTSAQKNPTAFYLCASSI,SGANVLTFGAGSRLTVL,CASSISYSGANVLTF,29344,29383
MSLSSLLKVVTASLWLPGIAQKITQTQPGMFVQEKEAVTLDCTYDTSDQSYGLFWYKQPSSGEMIFLIYQGSYDEQNATEGRYSLNFQKARKSANLVISASQLGDSAMYFCAMRE,IKAAGNKLTFGGGTRVLVKP,CAMRGVPTKAAGNKLTF,MGSRLLCWVLLCLLGAPVKAGVTQTPRYLIKTRGQQVTLSCSPISGHRSVSWYQQTPGQGLQFLFEYFSETQRNKGNFPGRFSGRQFSNSRSEMNVSTLELGDSALYLCASSL,SYEQYFGPGTRLTVT,CASSLVVMPYEQYF,24216,22629
MTSIRAVFIFLWLQLDVNGENVEQHPSTLSVQEGDSAVIKCTYSDSASNYFPWYKQELGKGSQLIIDIRSNVGEKKDQRIAVTLNKTAKHFSLHITETQPEDSAVYFCAAS,NNNDMRFGAGTRLTVKP,CAASTSTNDMRF,MGCRLLCCAVLCLLGAPMETGVTQTPRHLVMGMTNKKSLKCEQHLGHNAMYWYKQSAKKPLELMFVYSLEERVENNSVPSRFSPECPNSSHLFLHLHTLQPEDSALYLCASSQ,QETQYFGPGTRLLVL,CASSQDWASGGRTQYF,4304,49478
MLLLLVPVLEVIFTLGTRAQSVTQLDSHVSVSEGTPVLLRCNYSSSYSPSLFWYVQHPNKGLQLLLKYTSAATLVKGINGFEAEFKKSETSFHLTKPSAHMSDAAEYFCVVS,GYSSASKIIFGSGTRLSIRP,CVLPSKIIF,MGIRLLCRVAFCFLAVLVDVKVTQSSRYLVKRTGEKVFLECVQDMDHENMFWYRQDPGLGLRLIYFSYDVKMKEKGDIPEGYSVSREKKERFSLILESASTNQTSMYLCASSL,QETQYFGPGTRLLVL,CASSPEQGAGETQYF,5795,48473
MWGVFLLYVSMKMGTTGQNIDQPTEMTATEGAIVQINCTYQTSGFNGLFWYQQHAGEAPTFLSYNVLDGLEEKGRFSSFLSRSKGYSYLLLKELQMKDSASYLCAVR,MDSSYKLIFGSGTRLLVRP,CAVRDWDSSYKLIF,MSNQVLCCVVLCFLGATVDGGITQSPKYLFRKEGQNVTLSCEQNLNHDAMYWYRQDPGQGLRLIYYSQIVNDFQKGDIAEGYSVSREKKESFPLTVTSAQKNPTAFYLCASSI,SNQPQHFGDGTRLSIL,CASSGTGEGGQPQHF,6922,59488
MWGAFLLYVSMKMGTAGQSLEQPSEVTDVEGAIVQINCTYQTSGFYGLSWYQQHDGGAPTFLSYNGLDGLEETGRFSSFLSRSDSYGYLLLQELQMKDSASYFCAVR,NNNARLMFGDGTQLVVKP,CAVKGDNARLMF,MLSLLLLLLGLSVFPSRDICQRGTSLTIQCQVDSQVTMMFWYRQQPGQSLTLIATANQGSEATYESGFVIDKFPISRPNLTFSTLTVSNMSPEDSSIYLCSVE,SYEQYFGPGTRLTVT,CSAQAGGSGSTYEQYF,15551,38671
MVLKFSVSILWIQLAVSTQLLEQSPQFLSIQEGENLTVYCNSSSVFSSLQWYRQEPGEGPVLLVTVVTGGEVKKLKRLTFQFGDARKDSSLHITAAQPGDTGLYLCAG,NNNDMRFGAGTRLTVKP,CADRYNNNDMRF,MGFRLLCCVAFCLLGAPVDSGVTQTPKHLITATGQRVTLRCSPRSGDLSVYWYQQSLDQGLQFLIQYYNGEERAKGNILEGFSAQQFPDLHSELNLSSLELGDSALYFCASSV,NYGYTFGSGTRLTVV,CASSEGYTGRGRYGYTF,3457,14314
MKTFAGFSFLFLWLQLDMSRGEDVEQSLFLSVREGDSSVINCTYTDSSSTYLYWYKQEPGAGLQLLTYIFSNMDMKQDQRLTVLLNKKDKHLSLRIADTQTGDSAIYFCAES,DRGSTLGRLYFGRGTQLTVWP,CAEKRGSTLGRLYF,MGTSLLCWMALCLLGAHADTGVSQDPRHKITKRGQNVTFRCDPISEHNRLYWYRQTLGQGPEFLTYFQNEAQLEKSRLLSDRFSAERPKGSFPTLEIQRTEQGDSAMYLCASSL,SNQPQHFGDGTRLSIL,CASSFFGTGDSQPQHF,15573,24774
MSLSSLLKVVTASLWLPGIAQKITQTQPGMFVQEKEAVTLDCTYDTSDQSYGLFWYKQPSSGEMIFLIYQGSYDEQNATEGRYSLNFQKARKSANLVISASQLGDSAMYFCAMRE,NAGGTSYGKLTFGQGTILTVHP,CAMRVPVGTSYGKLTF,MGIRLLCRVAFCFLAVLVDVKVTQSSRYLVKRTGEKVFLECVQDMDHENMFWYRQDPGLGLRLIYFSYDVKMKEKGDIPEGYSVSREKKERFSLILESASTNQTSMYLCASSL,SYEQYFGPGTRLTVT,CASSLEPAGTSDEQYF,6489,29028
MMKSLRVLLVILWLQLSVWSQQKEVEQDPGPLSVPEGAIVSLNCTYSNSAFQYFMWYRQYSRKGPELLMYTYSSGNKEDGRFTAQVDKSSKYISLFIRDSQPSDSATYLCAMS,IKAAGNKLTFGGGTRVLVKP,CAIYKAAGNKLTF,MSIGLLCCAALSLLWAPVNAGVTQTPKFQVLKTGQSMTLQCAQDMNHEYMSWYRQDPGMGLRLIHYSVGAGITDQGEVPNGYNVSRSTTEDFPLRLLSAAPSQTSVYFCASSY,SYNEQFFGPGTRLTVL,CASTPGGGRYSEQFF,6582,18484
METLLGLLILWLQLQVSSKQEVTQIPAALSVPEGENLVLNCSFTDSAIYNLQWFRQDPGKGLTSLLLIQSSQREQTSGRLNASLDKSSGRSTLYIAASQPGDSATYLCAVR,ASGGSYIPTFGRGTSLIVHP,CAVDGGSYIPTF,MLLLLLLLGPSGLFPKQSLMLMATSNEGSKATYEQGVEKDKFLINHASLTLSTLTVTSAHPEDSSFYICSAR,NTEAFFGQGTRLTVV,CSALGRGNTEAFF,41019,28457
MKTFAGFSFLFLWLQLDMSRGEDVEQSLFLSVREGDSSVINCTYTDSSSTYLYWYKQEPGAGLQLLTYIFSNMDMKQDQRLTVLLNKKDKHLSLRIADTQTGDSAIYFCAES,ASGGSYIPTFGRGTSLIVHP,CAESPSGGSYIPTF,MGSRLLCWVLLCLLGAPVKAGVTQTPRYLIKTRGQQVTLSCSPISGHRSVSWYQQTPGQGLQFLFEYFSETQRNKGNFPGRFSGRQFSNSRSEMNVSTLELGDSALYLCASSL,SYNEQFFGPGTRLTVL,CASSLTSGGANNEQFF,11967,25941
MAMLLGASVLILWLQPDVNSQQKNDDQQVKQNSPSLSVQEGRISILNCDYTNSMFDYFLWYKKYPAEGPTFLISISSIKDKNEDGRFTVFLNKSAKHLSLHIVPSQPGDSAVYFCAAS,NTNAGKSTFGDGTTLTVKP,CALEVNAGKSTF,MGIRLLCRVAFCFLAVLVDVKVTQSSRYLVKRTGEKVFLECVQDMDHENMFWYRQDPGLGLRLIYFSYDVKMKEKGDIPEGYSVSREKKERFSLILESASTNQTSMYLCASSL,SNQPQHFGDGTRLSIL,CASRGVNQPQHF,39007,27946
MRQVARVIVFLTLTLSLAKTTQPISMDSYEGQEVNITCSHNNIATNDYITWYQQFPSQGPRFIIQGYKTKVTNEVSSLFIPADRKSSTLSLPRVSLSDTAVYYCLVGD,NSGGYQKVTFGTGTKLQVIP,CLVGPRGYQKVTF,MGTRLLCWAALCLLGAHTGAGVSQTPSNKVTEKGKYVELRCDPISGHTALYWYRQSLGQGPEFLIYFQGTGAADDSGLPNDRFFAVRTEGSVSTLKIQRTERGDSAVYLCASSL,NTGELFFGEGSRLTVL,CASSTNVDSTGELFF,5178,23634
MWGVFLLYVSMKMGTTGQNIDQPTEMTATEGAIVQINCTYQTSGFNGLFWYQQHAGEAPTFLSYNVLDGLEEKGRFSSFLSRSKGYSYLLLKELQMKDSASYLCAVR,DSNYQLIWGAGTKLIIKP,CAVMDSNYQLIW,MRIRLLCCVAFSLLWAPVTAGITQAPTSQILAAGRSMTLRCTQDMRHNAMYWYRQDLGLGLRLIHYSNTAGTTGKGEVPDGYSVSRANTDDFPLTLASAVPSQTSVYFCASSD,NTGELFFGEGSRLTVL,CASRTGGSTGELFF,5093,20897
MMKSLRVLLVILWLQLSVWSQQKEVEQNSGPLSVPEGAIASLNCTYSDRGSQSFFWYRQYSGKSPELIMSIYSNGDQEDGRFTAQLNKASQYVSLLIRDSQPSDSATYLCAVN,DTGRRALTFGSGTRLQVQP,CAVTITMDTGRRALTF,MSIGLLCCVAFSLLWAPVNAGVTQNPKFQVLKTGQSMTLQCAQDMNHNSMYWYRQDPGMGLRLIYYSASEGTTDKGEVPNGYNVSRLNKREFSLRLESAAPSQTSVYFCASSE,SYNEQFFGPGTRLTVL,CASSGAGGPVF,17537,49390
MTSIRAVFIFLWLQLDVNGENVEQHPSTLSVQEGDSAVIKCTYSDSASNYFPWYKQELGKGSQLIIDIRSNVGEKKDQRIAVTLNKTAKHFSLHITETQPEDSAVYFCAAS,NTGNQFYFGTGTSLTVIP,CAAWDTGNQFYF,MGCRLLCCVVFCLLQAPLDTAVSQTPKYLVTQMGNDKSIKCEQNLGHDTMYWYKQDSKKFLKIMFSYNNKELIINETVPNRFSPKSPDKAHLNLHINSLELGDSAVYFCASSQ,SYEQYFGPGTRLTVT,CASSLLSYEQYF,28146,21123
MSLSSLLKVVTASLWLPGIAQKITQTQPGMFVQEKEAVTLDCTYDTSDQSYGLFWYKQPSSGEMIFLIYQGSYDEQNATEGRYSLNFQKARKSANLVISASQLGDSAMYFCAMRE,TTDSWGKLQFGAGTQVVVTP,CAMSSSWGKLQF,MGIRLLCRVAFCFLAVLVDVKVTQSSRYLVKRTGEKVFLECVQDMDHENMFWYRQDPGLGLRLIYFSYDVKMKEKGDIPEGYSVSREKKERFSLILESASTNQTSMYLCASSL,SYNEQFFGPGTRLTVL,CASSTSPDRGPYNEQFF,4625,13997
METLLGLLILWLQLQVSSKQEVTQIPAALSVPEGENLVLNCSFTDSAIYNLQWFRQDPGKGLTSLLLIQSSQREQTSGRLNASLDKSSGRSTLYIAASQPGDSATYLCAVR,MDSSYKLIFGSGTRLLVRP,CAAGGLDSSYKLIF,MGPGLLHWMALCLLGTHGDAMVIQNPRYQVTQFGKPVTLSCSQTLNHNVMYWYQQKSSQAPKLLFHYYDKDFNNEADTPDNFQSRRPNTSFCFLDIRSPGLGDAAMYLCATSR,NYGYTFGSGTRLTVV,CATSNQNYGYTF,6998,17229
MAMLLGASVLILWLQPDVNSQQKNDDQQVKQNSPSLSVQEGRISILNCDYTNSMFDYFLWYKKYPAEGPTFLISISSIKDKNEDGRFTVFLNKSAKHLSLHIVPSQPGDSAVYFCAAS,YSGGGADGLTFGKGTHLIIQP,CAASARSGGGADGLTF,MGPQLLGYVVLCLLGAPLEAQVTQNPRYLITVTGKKLTVTCSQNMNHEYMSWYRQDPGLGLRQIYYSMNVEATDKGDVPEGYKVSRKEKRNFPLILESPSPNQTSLYFCASSL,SYNEQFFGPGTRLTVL,CASSSRRFYNEQFF,15183,38532
MLLEHLLIILWMQLTVSGQQLNQSPQSMFTQEGEDVSMNCTSSSIFNT*LWYKQDPGEGPVLLIALYKAGELTSNGRLTAQFGITRKDSFLNISASIPSDVGIYFCAGQ,NAGGTSYGKLTFGQGTILTVHP,CAGALINAGGTSYGKLTF,MSNQVLCCVVLCFLGATVDGGITQSPKYLFRKEGQNVTLSCEQNLNHDAMYWYRQDPGQGLRLIYYSQIVNDFQKGDIAEGYSVSREKKESFPLTVTSAQKNPTAFYLCASSI,SYEQYFGPGTRLTVT,CASSIGLGRSYEQYF,3583,13947
MALQSTLGAVWLGLLLNSLWKAESKDQVFQPSTVASSEGAVVEIFCNHSVSNAYNFFWYLHFPGCAPRLLVNGSKPSQQGRYNMTYERFSSSLLILQVREADAAVYYCAVE,NTGFQKLVFGTGTRLLVSP,CAVESSPNTGFQKLVF,MGTRLLCWAALCLLGAHTGAGVSQTPSNKVTEKGKYVELRCDPISGHTALYWYRQSLGQGPEFLIYFQGTGAADDSGLPNDRFFAVRTEGSVSTLKIQRTERGDSAVYLCASSL,NTGELFFGEGSRLTVL,CASSLNEAAANTGELFF,4156,14204
MACPGFLWALVISTCLFSMAQTVTQSQPEMSVQEAETVTLSCTYDTSESDYYLFWYKQPPSRQMILVIRQEAYKQQNATENRFSVNFQKAAKSFSLKISDSQLGDAAMYFCAYRS,NTNAGKSTFGDGTTLTVKP,CAYRSAFTNAGKSTF,MGSRLLCWVLLCLLGAPVKAGVTQTPRYLIKTRGQQVTLSCSPISGHRSVSWYQQTPGQGLQFLFEYFSETQRNKGNFPGRFSGRQFSNSRSEMNVSTLELGDSALYLCASSL,SYNEQFFGPGTRLTVL,CASSYRQGGISSYNEQFF,18217,56613
MAMLLGASVLILWLQPDVNSQQKNDDQQVKQNSPSLSVQEGRISILNCDYTNSMFDYFLWYKKYPAEGPTFLISISSIKDKNEDGRFTVFLNKSAKHLSLHIVPSQPGDSAVYFCAAS,ILTGGGNKLTFGTGTQLKVEL,CAASESGGGNKLTF,MSNQVLCCVVLCFLGATVDGGITQSPKYLFRKEGQNVTLSCEQNLNHDAMYWYRQDPGQGLRLIYYSQIVNDFQKGDIAEGYSVSREKKESFPLTVTSAQKNPTAFYLCASSI,SNQPQHFGDGTRLSIL,CASKGDPINQPQHF,14235,29476
MTSIRAVFIFLWLQLDVNGENVEQHPSTLSVQEGDSAVIKCTYSDSASNYFPWYKQELGKGSQLIIDIRSNVGEKKDQRIAVTLNKTAKHFSLHITETQPEDSAVYFCAAS,NSGYSTLTFGKGTMLLVSP,CAATGDSGYSTLTF,MATRLLCCVVLCLLGELIDARVTQTPRDKVTEMGQEVTMRCQPILGHNTVFWYRQTMMQGLELLAYFRNRAPLDDSGMPKDRFSAEMPDATLATLKIQPSEPRDSAVYFCASGL,SYNEQFFGPGTRLTVL,CASAGGLADRNEQFF,5756,8218
MASAPISMLAMLFTLGLRAQSVAQPEDQVNVAEGNPLTVKCTYSVSGNPYLFWYVQYPNRGLQFLLKYITGDNLVKGSYGFEAEFNKSQTSFHLKKPSALVSDSALYFCAVRD,ILTGGGNKLTFGTGTQLKVEL,CAVRLGGLTGGGNKLTF,MGSRLLCWVLLCLLGAPVKAGVTQTPRYLIKTRGQQVTLSCSPISGHRSVSWYQQTPGQGLQFLFEYFSETQRNKGNFPGRFSGRQFSNSRSEMNVSTLELGDSALYLCASSL,SYNEQFFGPGTRLTVL,CASSSGTSGRASGNEQFF,12318,45029
MLTASLLRAVIASICVSSMAQKVTQAQTEISVVEKEDVTLDCVYETRDTTYYLFWYKQPPSGELVFLIRRNSFDEQNEISGRYSWNFQKSTSSFNFTITASQVVDSAVYFCALSE,IQGAQKLVFGQGTRLTINP,CALSEAWGAQKLVF,MLLLLLLLGPSGLFPKQSLMLMATSNEGSKATYEQGVEKDKFLINHASLTLSTLTVTSAHPEDSSFYICSAR,STDTQYFGPGTRLTVL,CSARDNQRSSTDTQYF,371,16084
MAMLLGASVLILWLQPDVNSQQKNDDQQVKQNSPSLSVQEGRISILNCDYTNSMFDYFLWYKKYPAEGPTFLISISSIKDKNEDGRFTVFLNKSAKHLSLHIVPSQPGDSAVYFCAAS,TTSGTYKYIFGTGTRLKVLA,CAASAASGTYKYIF,MGPGLLCWVLLCLLGASVETGVTQSPTHLIKTRGQQVTLRCSSQSGHNTVSWYQQALGQGPQFIFQYYREEENGRGNFPPRFSGLQFPNYSSELNVNALELDDSALYLCASSL,SYEQYFGPGTRLTVT,CASSFTSGHEQYF,6643,24032
MMKSLRVLLVILWLQLSVWSQQKEVEQNSGPLSVPEGAIASLNCTYSDRGSQSFFWYRQYSGKSPELIMSIYSNGDQEDGRFTAQLNKASQYVSLLIRDSQPSDSATYLCAVN,YNFNKFYFGSGTKLNVKP,CAVVKYNFNKFYF,MSISLLCCAAFPLLWAPVNAGVTQTPKFRILKIGQSMTLQCTQDMNHNYMYWYRQDPGMGLKLIYYSVGAGITDKGEVPNGYNVSRSTTEDFPLRLELAAPSQTSVYFCASSY,QETQYFGPGTRLLVL,CASSYSKRDPQETQYF,4129,8652
MWGVFLLYVSMKMGTTGQNIDQPTEMTATEGAIVQINCTYQTSGFNGLFWYQQHAGEAPTFLSYNVLDGLEEKGRFSSFLSRSKGYSYLLLKELQMKDSASYLCAVR,DSNYQLIWGAGTKLIIKP,CAVVDSNYQLIW,MSLGLLCCGAFSLLWAPVNAGVTQTPKFRVLKTGQSMTLLCAQDMNHEYMYWYRQDPGMGLRLIHYSVGEGTTAKGEVPDGYNVSRLKKQNFLLGLESAAPSQTSVYFCASSY,NTGELFFGEGSRLTVL,CASSYSGEGAGELFF,13097,18067
MAGIRALFMYLWLQLDVSRGESVGLHLPTLSVQEGDNSIINCAYSNSASDYFIWYKQESGKGPQFIIDIRSNMNKRQGQRVTVLLNKTVKHLSLQIAATQPGDSAVYFCAEN,NSGGYQKVTFGTGTKLQVIP,CAERLGGYQKVTF,MTIRLLCYMGFYFLGALMEADIYQTPRYLVIGTGKKITLECSQTMGYDKMYWYQQDPGMELHLIHYSYGVNSTEKGDLSSESTVSRIRTEHFPLTLESARPSHTSQYLCASSE,NTGELFFGEGSRLTVL,CASIGSGELFF,5605,45800
MLLELIPLLGIHFVLTARAQSVTQPDIHITVSEGASLELRCNYSYGATPYLFWYVQSPGQGLQLLLKYFSGDTLVQGIKGFEAEFKRSQSSFNLRKPSVHWSDAAEYFCAVG,NSGYSTLTFGKGTMLLVSP,CAVEGYSTLTF,MGTRLLCWVVLGFLGTHTGAGVSQSPRYKVAKRGQDVALRCDPISGHVSLFWYQQALGQGPEFLTYFQNEAQLDKSGLPSDRFFAERPEGSVSTLKIQRTQKEDSAVYLCASSL,STDTQYFGPGTRLTVL,CASSLVGGSSDTQYF,15866,34220
MWGVFLLYVSMKMGTTGQNIDQPTEMTATEGAIVQINCTYQTSGFNGLFWYQQHAGEAPTFLSYNVLDGLEEKGRFSSFLSRSKGYSYLLLKELQMKDSASYLCAVR,SYNTDKLIFGTGTRLQVFP,CAVRDQNTDKLIF,MSISLLCCAAFPLLWAPVNAGVTQTPKFRILKIGQSMTLQCTQDMNHNYMYWYRQDPGMGLKLIYYSVGAGITDKGEVPNGYNVSRSTTEDFPLRLELAAPSQTSVYFCASSY,NTEAFFGQGTRLTVV,CASSLGGTEAFF,11411,55513
MVLKFSVSILWIQLAVSTQLLEQSPQFLSIQEGENLTVYCNSSSVFSSLQWYRQEPGEGPVLLVTVVTGGEVKKLKRLTFQFGDARKDSSLHITAAQPGDTGLYLCAG,GSSNTGKLIFGQGTTLQVKP,CAGADGSSNTGKLIF,MSNQVLCCVVLCFLGATVDGGITQSPKYLFRKEGQNVTLSCEQNLNHDAMYWYRQDPGQGLRLIYYSQIVNDFQKGDIAEGYSVSREKKESFPLTVTSAQKNPTAFYLCASSI,SYEQYFGPGTRLTVT,CASSIRSAYEQYF,13522,58055
MRQVARVIVFLTLTLSLAKTTQPISMDSYEGQEVNITCSHNNIATNDYITWYQQFPSQGPRFIIQGYKTKVTNEVSSLFIPADRKSSTLSLPRVSLSDTAVYYCLVGD,GYSSASKIIFGSGTRLSIRP,CLVVTTGYSSASKIIF,MGPQLLGYVVLCLLGAPLEAQVTQNPRYLITVTGKKLTVTCSQNMNHEYMSWYRQDPGLGLRQIYYSMNVEATDKGDVPEGYKVSRKEKRNFPLILESPSPNQTSLYFCASSL,TNEKLFFGSGTQLSVL,CASSLTGYNEKLFF,6674,12964
MTSIRAVFIFLWLQLDVNGENVEQHPSTLSVQEGDSAVIKCTYSDSASNYFPWYKQELGKGSQLIIDIRSNVGEKKDQRIAVTLNKTAKHFSLHITETQPEDSAVYFCAAS,NYGGSQGNLIFGKSTKLSVKP,CAASPEGSQGNLIF,MDTRVLCCAVICLLGALSNAGVMQNPRHLVRRRGQEARLRCSPVKGHSHVYWYRQLPEEGLKFMVYLQKENIIDESGMPKERFSAEFPKEGPSILRIQQVVRGDSAAYFCASSP,NTGELFFGEGSRLTVL,CASSPARTGELFF,12601,39999
MNYSPGLVSLILLLLRTRGNSVTQMEGPVTLSEEAFLTINCTYTATGYPSLFWYVQYPGEGLQLLLKAMKADDKGSNKGFEATYRKETTSFHLEKGSVQVSDSAVYFCALS,NTGFQKLVFGTGTRLLVSP,CALVDTGFQKLVF,MGCRLLCCVVFCLLQAPLDTAVSQTPKYLVTQMGNDKSIKCEQNLGHDTMYWYKQDSKKFLKIMFSYNNKELIINETVPNRFSPKSPDKAHLNLHINSLELGDSAVYFCASSQ,QETQYFGPGTRLLVL,CASSQPSGGQETQYF,4807,48866
MLLLLVPAFQVIFTLGTRAQSVTQLDSQVPVFEEAPVELRCNYSSSVSVYLFWYVQYPNQGLQLLLKYLSGSTLVKGINGFEAEFNKSQTSFHLRKPSVHISDTAEYFCAVS,DSNYQLIWGAGTKLIIKP,CAVSGSNYQLIW,MTIRLLCYMGFYFLGALMEADIYQTPRYLVIGTGKKITLECSQTMGYDKMYWYQQDPGMELHLIHYSYGVNSTEKGDLSSESTVSRIRTEHFPLTLESARPSHTSQYLCASSE,SYNEQFFGPGTRLTVL,CASSGQGVRYNEQFF,4299,50826
MWGVFLLYVSMKMGTTGQNIDQPTEMTATEGAIVQINCTYQTSGFNGLFWYQQHAGEAPTFLSYNVLDGLEEKGRFSSFLSRSKGYSYLLLKELQMKDSASYLCAVR,MDSSYKLIFGSGTRLLVRP,CAVVDSSYKLIF,MGCRLLCCAVLCLLGAPMETGVTQTPRHLVMGMTNKKSLKCEQHLGHNAMYWYKQSAKKPLELMFVYNFKEQTENNSVPSRFSPECPNSSHLFLHLHTLQPEDSALFLCASSQ,QETQYFGPGTRLLVL,CASSQEWGTGGETQYF,6573,55904
MLLELIPLLGIHFVLTARAQSVTQPDIHITVSEGASLELRCNYSYGATPYLFWYVQSPGQGLQLLLKYFSGDTLVQGIKGFEAEFKRSQSSFNLRKPSVHWSDAAEYFCAVG,EYGNKLVFGAGTILRVKS,CAVGLMEYGNKLVF,MTIRLLCYMGFYFLGALMEADIYQTPRYLVIGTGKKITLECSQTMGYDKMYWYQQDPGMELHLIHYSYGVNSTEKGDLSSESTVSRIRTEHFPLTLESARPSHTSQYLCASSE,SYNEQFFGPGTRLTVL,CASSDPGTSGREQFF,11023,6609
MAGIRALFMYLWLQLDVSRGESVGLHLPTLSVQEGDNSIINCAYSNSASDYFIWYKQESGKGPQFIIDIRSNMNKRQGQRVTVLLNKTVKHLSLQIAATQPGDSAVYFCAEN,NTGNQFYFGTGTSLTVIP,CAEGTGNQFYF,MGPGLLHWMALCLLGTHGDAMVIQNPRYQVTQFGKPVTLSCSQTLNHNVMYWYQQKSSQAPKLLFHYYDKDFNNEADTPDNFQSRRPNTSFCFLDIRSPGLGDAAMYLCATSR,NTGELFFGEGSRLTVL,CATSARLNTGELFF,6838,41502
MRLVARVTVFLTFTIIDAKTTQPPSMDCAEGRAANLPCNHSTISGNEYVYWYRQIHSQGPQYIIHGLKNNETNEMASLIITEDRKSSTLTLPHATLRDTAVYYCIVRV,SSGSARQLTFGSGTQLTVLP,CIVRVEAFSGSARQLTF,MGPRLLFWALLCLLGTPVEAGVTQSPTHLIKTRGQQVTLRCSPISGHTSVYWYQQALGLGLQFLLWYDEGEERNRGNFPPRFSGRQFPNYSSELNVNALELEDSALYLCASSL,QETQYFGPGTRLLVL,CASIPKVGQTQYF,11564,43911
MWGVFLLYVSMKMGTTGQNIDQPTEMTATEGAIVQINCTYQTSGFNGLFWYQQHAGEAPTFLSYNVLDGLEEKGRFSSFLSRSKGYSYLLLKELQMKDSASYLCAVR,DSNYQLIWGAGTKLIIKP,CAVMDSNYQLIW,MRIRLLCCVAFSLLWAPVTAGITQAPTSQILAAGRSMTLRCTQDMRHNAMYWYRQDLGLGLRLIHYSNTAGTTGKGEVPDGYSVSRANTDDFPLTLASAVPSQTSVYFCASSD,SYNEQFFGPGTRLTVL,CASSERDSREQFF,4591,30492
METLLGVSLVILWLQLAVNSQQGEEDPQALSIQEGENATMNCSYKTSINNLQWYRQNSGRGLVHLILIRSNEREKHSGRLRVTLDTSKKSSSLLITASRAADTASYFCATD,NYGGSQGNLIFGKSTKLSVKP,CATDERGSQGNLIF,MGIRLLCRVAFCFLAVLVDVKVTQSSRYLVKRTGEKVFLECVQDMDHENMFWYRQDPGLGLRLIYFSYDVKMKEKGDIPEGYSVSREKKERFSLILESASTNQTSMYLCASSL,NYGYTFGSGTRLTVV,CASNSGLGRLTGYTF,11338,12050
MISLRVLLVILWLQLSVWSQRKEVEQDPGPFNVPEGATVAFNCTYSNSASQSFFWYRQDCRKEPKLLMSVYSSGNEDGRFTAQLNRASQYISLLIRDSKLSDSATYLCVVN,TTSGTYKYIFGTGTRLKVLA,CVVNHPSGTYKYIF,MLSLLLLLLGLSVFPSRDICQRGTSLTIQCQVDSQVTMMFWYRQQPGQSLTLIATANQGSEATYESGFVIDKFPISRPNLTFSTLTVSNMSPEDSSIYLCSVE,SYEQYFGPGTRLTVT,CSVGGTGRGILDEQYF,7343,25602
MEKMLECAFIVLWLQLGLSGEDQVTQSPKALRLQEGESSSLNCSYTVSGLRGLFWYRQDPGKGPEFLFTLYSAGEEKEKERLKATLTKKESFLHITAPKPEDSATYLCAVQ,TTDSWGKLQFGAGTQVVVTP,CAVQASWATDSWGKLQF,MGIRLLCRVAFCFLAVLVDVKVTQSSRYLVKRTGEKVFLECVQDMDHENMFWYRQDPGLGLRLIYFSYDVKMKEKGDIPEGYSVSREKKERFSLILESASTNQTSMYLCASSL,NTEAFFGQGTRLTVV,CASSLVGGAAFF,6689,22130
MNYSPGLVSLILLLLRTRGNSVTQMEGPVTLSEEAFLTINCTYTATGYPSLFWYVQYPGEGLQLLLKAMKADDKGSNKGFEATYRKETTSFHLEKGSVQVSDSAVYFCALS,NSGGYQKVTFGTGTKLQVIP,CALSASSGGYQKVTF,MLCSLLALLLGTFFVRSQTIHQWPATLVQPVGSPLSLECTVEGTSNPNLYWYRQAAGRGLQLLFYSVGIGQISSEVPQNLSASRPQDRQFILSSKKLLLSDSGFYLCAWS,QETQYFGPGTRLLVL,CAWSVGQRETQYF,5617,14508
MLLELIPLLGIHFVLTARAQSVTQPDIHITVSEGASLELRCNYSYGATPYLFWYVQSPGQGLQLLLKYFSGDTLVQGIKGFEAEFKRSQSSFNLRKPSVHWSDAAEYFCAVG,GNTGGFKTIFGAGTRLFVKA,CAVGAYTGGFKTIF,MLSLLLLLLGLSVFPSRDICQRGTSLTIQCQVDSQVTMMFWYRQQPGQSLTLIATANQGSEATYESGFVIDKFPISRPNLTFSTLTVSNMSPEDSSIYLCSVE,SYNEQFFGPGTRLTVL,CSVPFTRDEQFF,957,36712
MLTASLLRAVIASICVSSMAQKVTQAQTEISVVEKEDVTLDCVYETRDTTYYLFWYKQPPSGELVFLIRRNSFDEQNEISGRYSWNFQKSTSSFNFTITASQVVDSAVYFCALSE,EGQGFSFIFGKGTRLLVKP,CALSDWGGFSFIF,MASLLFFCGAFYLLGTSMDADVTQTPRNRITKTGKRIMLECSQTKGHDRMYWYRQDPGLGLRLIYYSFDVKDINKGEISDGYSVSRQAQAKFSLSLESAIPNQTALYFCATSDL,NTGELFFGEGSRLTVL,CASSRSNTGELFF,9556,63708
METLLGLLILWLQLQVSSKQEVTQIPAALSVPEGENLVLNCSFTDSAIYNLQWFRQDPGKGLTSLLLIQSSQREQTSGRLNASLDKSSGRSTLYIAASQPGDSATYLCAVR,YSGGGADGLTFGKGTHLIIQP,CAVGGGTDGLTF,MGPRLLFWALLCLLGTPVEAGVTQSPTHLIKTRGQQVTLRCSPISGHTSVYWYQQALGLGLQFLLWYDEGEERNRGNFPPRFSGRQFPNYSSELNVNALELEDSALYLCASSL,SYNEQFFGPGTRLTVL,CASSLQPTGLSSSEQFF,172,15871
MWGVFLLYVSMKMGTTGQNIDQPTEMTATEGAIVQINCTYQTSGFNGLFWYQQHAGEAPTFLSYNVLDGLEEKGRFSSFLSRSKGYSYLLLKELQMKDSASYLCAVR,DSNYQLIWGAGTKLIIKP,CAAMDSNYQLIW,MGCRLLCCAVLCLLGAPMETGVTQTPRHLVMGMTNKKSLKCEQHLGHNAMYWYKQSAKKPLELMFVYNFKEQTENNSVPSRFSPECPNSSHLFLHLHTLQPEDSALFLCASSQ,NTGELFFGEGSRLTVL,CASSHPGLAGGDTGELFF,9179,6865
MWGVFLLYVSMKMGTTGQNIDQPTEMTATEGAIVQINCTYQTSGFNGLFWYQQHAGEAPTFLSYNVLDGLEEKGRFSSFLSRSKGYSYLLLKELQMKDSASYLCAVR,DSNYQLIWGAGTKLIIKP,CAAMDSNYQLIW,MSIGLLCCAALSLLWAPVNAGVTQTPKFQVLKTGQSMTLQCAQDMNHEYMSWYRQDPGMGLRLIHYSVGAGITDQGEVPNGYNVSRSTTEDFPLRLLSAAPSQTSVYFCASSY,SYNSPLHFGNGTRLTVT,CASSRTAEAGALHF,6863,41586
MDKILGASFLVLWLQLCVSGQQKEKSDQQQVKQSPQSLIVQKGGISIINCAYENTAFDYFPWYQQFPGKGPALLIAIRPDVSEKKEGRFTISFNKSAKQFSLHIMDSQPGDSATYFCAAS,FSDGQKLLFARGTMLKVDL,CAAGDGQKLLF,MDTWLVCWAIFSLLKALTEPEVTQTPSHQVTQMGQEVILHCVPISNHLYFYWYRQILGQKVEFLVSFYNNEISEKSEIFDDQFSVERPDGSNFTLKIRSTKLEDSAMYFCASSE,SNQPQHFGDGTRLSIL,CASLWRQNQPQHF,19749,44184
MVKIRQFLLAILWLQLSVSAAKNEVEQSPQNLTAQEGEFITINCSYSVGISALHWLQQHPGGGIVSLFMLSSGKKKHGRLIATINIQEKHSSLHITASHPRDSAVYICAVR,SNFGNEKLTFGTGTRLTIIP,CAVRFEESNFGNEKLTF,MGSRLLCWVLLCLLGAPVKAGVTQTPRYLIKTRGQQVTLSCSPISGHRSVSWYQQTPGQGLQFLFEYFSETQRNKGNFPGRFSGRQFSNSRSEMNVSTLELGDSALYLCASSL,SYNEQFFGPGTRLTVL,CASSLGPYRVAEQFF,14451,54491
MLLEHLLIILWMQLTVSGQQLNQSPQSMFTQEGEDVSMNCTSSSIFNT*LWYKQDPGEGPVLLIALYKAGELTSNGRLTAQFGITRKDSFLNISASIPSDVGIYFCAGQ,NYGGSQGNLIFGKSTKLSVKP,CAGHWAGSQGNLIF,MSNQVLCCVVLCFLGATVDGGITQSPKYLFRKEGQNVTLSCEQNLNHDAMYWYRQDPGQGLRLIYYSQIVNDFQKGDIAEGYSVSREKKESFPLTVTSAQKNPTAFYLCASSI,AKNIQYFGAGTRLSVL,CASSIGSWGALAKNIQYF,6062,22560
MACPGFLWALVISTCLFSMAQTVTQSQPEMSVQEAETVTLSCTYDTSESDYYLFWYKQPPSRQMILVIRQEAYKQQNATENRFSVNFQKAAKSFSLKISDSQLGDAAMYFCAYRS,NNNAGNMLTFGGGTRLMVKP,CAYRAYNAGNMLTF,MGSRLLCWVLLCLLGAPVKAGVTQTPRYLIKTRGQQVTLSCSPISGHRSVSWYQQTPGQGLQFLFEYFSETQRNKGNFPGRFSGRQFSNSRSEMNVSTLELGDSALYLCASSL,NTEAFFGQGTRLTVV,CASSLADSYTEAFF,6268,57910
MNYSPGLVSLILLLLRTRGNSVTQMEGPVTLSEEAFLTINCTYTATGYPSLFWYVQYPGEGLQLLLKAMKADDKGSNKGFEATYRKETTSFHLEKGSVQVSDSAVYFCALS,NAGGTSYGKLTFGQGTILTVHP,CALRTGGTSYGKLTF,MGCRLLCCAVLCLLGAPIDTEVTQTPKHLVMGMTNKKSLKCEQHMGHRAMYWYKQKAKKPPELMFVYSYEKLSINESVRSRFSPECPNSSLLNLHLHALQPEDSALYLCASSQ,NYGYTFGSGTRLTVV,CASSQGGAGDYGYTF,8204,29867
MNYSPGLVSLILLLLRTRGNSVTQMEGPVTLSEEAFLTINCTYTATGYPSLFWYVQYPGEGLQLLLKAMKADDKGSNKGFEATYRKETTSFHLEKGSVQVSDSAVYFCALS,GSSNTGKLIFGQGTTLQVKP,CAHTPSNTGKLIF,MGPQLLGYVVLCLLGAPLEAQVTQNPRYLITVTGKKLTVTCSQNMNHEYMSWYRQDPGLGLRQIYYSMNVEATDKGDVPEGYKVSRKEKRNFPLILESPSPNQTSLYFCASSL,NTEAFFGQGTRLTVV,CASSLFGVNTEAFF,4652,17860
MISLRVLLVILWLQLSVWSQRKEVEQDPGPFNVPEGATVAFNCTYSNSASQSFFWYRQDCRKEPKLLMSVYSSGNEDGRFTAQLNRASQYISLLIRDSKLSDSATYLCVVN,DTGRRALTFGSGTRLQVQP,CVAHPGDTGRRALTF,MGIRLLCRVAFCFLAVLVDVKVTQSSRYLVKRTGEKVFLECVQDMDHENMFWYRQDPGLGLRLIYFSYDVKMKEKGDIPEGYSVSREKKERFSLILESASTNQTSMYLCASSL,QETQYFGPGTRLLVL,CASSFLAGDETQYF,19762,12216
MAGIRALFMYLWLQLDVSRGESVGLHLPTLSVQEGDNSIINCAYSNSASDYFIWYKQESGKGPQFIIDIRSNMNKRQGQRVTVLLNKTVKHLSLQIAATQPGDSAVYFCAEN,NNNAGNMLTFGGGTRLMVKP,CAGPPRAGNMLTF,MGTRLLFWVAFCLLGAHTGAGVSQSPSNKVTEKGKDVELRQQCTRQIRAAQ*SLLCREDWGIRLHSDDPAHTAGGLGRLSLCQQLS,NTGELFFGEGSRLTVL,CASSLNGAGRSNTGELFF,7207,49006
MESFLGGVLLILWLQVDVKSQKIEQNSEALNIQEGKTDTLTCNYTNYSPAYLEWYRQDPGRGPVFLLLIRENEKEKRKERLKVTFDTTLKQSLFHITASQPADSATYLCALD,NTGFQKLVFGTGTRLLVSP,CALDMNTGFQKLVF,MGIRLLCRVAFCFLAVLVDVKVTQSSRYLVKRTGEKVFLECVQDMDHENMFWYRQDPGLGLRLIYFSYDVKMKEKGDIPEGYSVSREKKERFSLILESASTNQTSMYLCASSL,SYEQYFGPGTRLTVT,CASSLAGAYEQYF,7508,40752
MLLLLVPVLEVIFTLGTRAQSVTQLGSHVSVSEGALVLLRCNYSSSVPPYLFWYVQYPNQGLQLLLKYTSAATLVKGINGFEAEFKKSETSFHLTKPSAHMSDAAEYFCAVS,GNTGGFKTIFGAGTRLFVKA,CAVSGTGGFKTIF,MGPQLLGYVVLCLLGAPLEAQVTQNPRYLITVTGKKLTVTCSQNMNHEYMSWYRQDPGLGLRQIYYSMNVEATDKGDVPEGYKVSRKEKRNFPLILESPSPNQTSLYFCASSL,SGANVLTFGAGSRLTVL,CASSSRDFFSGANVLTF,6752,17620
MVLKFSVSILWIQLAVSTQLLEQSPQFLSIQEGENLTVYCNSSSVFSSLQWYRQEPGEGPVLLVTVVTGGEVKKLKRLTFQFGDARKDSSLHITAAQPGDTGLYLCAG,IQGAQKLVFGQGTRLTINP,CAGFLQGAQKLVF,MGPGLLCWVLLCLLGASVETGVTQSPTHLIKTRGQQVTLRCSSQSGHNTVSWYQQALGQGPQFIFQYYREEENGRGNFPPRFSGLQFPNYSSELNVNALELDDSALYLCASSL,SYNEQFFGPGTRLTVL,CASSFGTSGPGEQFF,17533,25473
MNYSPGLVSLILLLLRTRGNSVTQMEGPVTLSEEAFLTINCTYTATGYPSLFWYVQYPGEGLQLLLKAMKADDKGSNKGFEATYRKETTSFHLEKGSVQVSDSAVYFCALS,ILTGGGNKLTFGTGTQLKVEL,CALSPLSYQKVTF,MGPQLLGYVVLCLLGAPLEAQVTQNPRYLITVTGKKLTVTCSQNMNHEYMSWYRQDPGLGLRQIYYSMNVEATDKGDVPEGYKVSRKEKRNFPLILESPSPNQTSLYFCASSL,SNQPQHFGDGTRLSIL,CASSPRQGGDQPQHF,5083,14084
MLLELIPLLGIHFVLTARAQSVTQPDIHITVSEGASLELRCNYSYGATPYLFWYVQSPGQGLQLLLKYFSGDTLVQGIKGFEAEFKRSQSSFNLRKPSVHWSDAAEYFCAVG,FSGGYNKLIFGAGTRLAVHP,CAVVTSGGYNKLIF,MDSWTFCCVSLCILVAHTQTMMRGLELLIYFNNNVPIDDSGMPEDRFSAKMPNASFSTLKIQPSEPRDSAVYFCASSL,SYEQYFGPGTRLTVT,CASSPRLGEQYV,18009,11297
MLLLLIPVLGMIFALDARAQSVSQHNHHVILSEAASLELGCNYSYGGTVNLFWYVQYPGQHLQLLLKYFSGDPLVKGIKGFEAEFIKSKFSFNLRKPSVQWSDTAEYFCAVN,SYNTDKLIFGTGTRLQVFP,CAVITYNTDKLIF,MGPGLLHWMALCLLGTHGDAMVIQNPRYQVTQFGKPVTLSCSQTLNHNVMYWYQQKSSQAPKLLFHYYDKDFNNEADTPDNFQSRRPNTSFCFLDIRSPGLGDAAMYLCATSR,SYEQYFGPGTRLTVT,CATSPGQGQTYEQYF,4860,31859
MALQSTLGAVWLGLLLNSLWKAESKDQVFQPSTVASSEGAVVEIFCNHSVSNAYNFFWYLHFPGCAPRLLVNGSKPSQQGRYNMTYERFSSSLLILQVREADAAVYYCAVE,DNYGQNFVFGPGTRLSVLP,CAVEVPTGQNFVF,MGFRLLCCVAFCLLGAPVDSGVTQTPKHLITATGQRVTLRCSPRSGDLSVYWYQQSLDQGLQFLIQYYNGEERAKGNILEGFSAQQFPDLHSELNLSSLELGDSALYFCASSV,QETQYFGPGTRLLVL,CASSVVELAGTQYF,8573,23237
MNYSPGLVSLILLLLRTRGNSVTQMEGPVTLSEEAFLTINCTYTATGYPSLFWYVQYPGEGLQLLLKAMKADDKGSNKGFEATYRKETTSFHLEKGSVQVSDSAVYFCALS,IYNQGGKLIFGQGTELSVKP,CALSVNNQGGKLIF,MGTRLLFWVAFCLLGAHTGAGVSQSPSNKVTEKGKDVELRQQCTRQIRAAQ*SLLCREDWGIRLHSDDPAHTAGGLGRLSLCQQLS,QETQYFGPGTRLLVL,CASSYRVQETQYF,10296,50292
MISLRVLLVILWLQLSVWSQRKEVEQDPGPFNVPEGATVAFNCTYSNSASQSFFWYRQDCRKEPKLLMSVYSSGNEDGRFTAQLNRASQYISLLIRDSKLSDSATYLCVVN,NYGGSQGNLIFGKSTKLSVKP,CVVRLGGSQGNLIF,MSISLLCCAAFPLLWAPVNAGVTQTPKFRILKIGQSMTLQCTQDMNHNYMYWYRQDPGMGLKLIYYSVGAGITDKGEVPNGYNVSRSTTEDFPLRLELAAPSQTSVYFCASSY,QETQYFGPGTRLLVL,CASREIQRGGGQETQYF,7546,11437
MLTASLLRAVIASICVSSMAQKVTQAQTEISVVEKEDVTLDCVYETRDTTYYLFWYKQPPSGELVFLIRRNSFDEQNEISGRYSWNFQKSTSSFNFTITASQVVDSAVYFCALSE,MDSSYKLIFGSGTRLLVRP,CALRAGQDSSYKLIF,MGTSLLCWMALCLLGAHADTGVSQDPRHKITKRGQNVTFRCDPISEHNRLYWYRQTLGQGPEFLTYFQNEAQLEKSRLLSDRFSAERPKGSFPTLEIQRTEQGDSAMYLCASSL,NTGELFFGEGSRLTVL,CASSKDRGAAGELFF,4431,69952
MVKIRQFLLAILWLQLSVSAAKNEVEQSPQNLTAQEGEFITINCSYSVGISALHWLQQHPGGGIVSLFMLSSGKKKHGRLIATINIQEKHSSLHITASHPRDSAVYICAVR,KTSYDKVIFGPGTSLSVIP,CAEKTSYDKVIF,MLLLLLLLGPSGLFPKQSLMLMATSNEGSKATYEQGVEKDKFLINHASLTLSTLTVTSAHPEDSSFYICSAR,SYEQYFGPGTRLTVT,CSVSSGTGFYEQYV,7440,48437
METLLGVSLVILWLQLAVNSQQGEEDPQALSIQEGENATMNCSYKTSINNLQWYRQNSGRGLVHLILIRSNEREKHSGRLRVTLDTSKKSSSLLITASRAADTASYFCATD,TTDSWGKLQFGAGTQVVVTP,CATESWGKLQF,MSIGLLCCVAFSLLWAPVNAGVTQNPKFQVLKTGQSMTLQCAQDMNHNSMYWYRQDPGMGLRLIYYSASEGTTDKGEVPNGYNVSRLNKREFSLRLESAAPSQTSVYFCASSE,STDTQYFGPGTRLTVL,CASRTVGGATSDTQYF,12207,9401
MVKIRQFLLAILWLQLSVSAAKNEVEQSPQNLTAQEGEFITINCSYSVGISALHWLQQHPGGGIVSLFMLSSGKKKHGRLIATINIQEKHSSLHITASHPRDSAVYICAVR,NTGNQFYFGTGTSLTVIP,CYAFLR,MGFRLLCCVAFCLLGAPVDSGVTQTPKHLITATGQRVTLRCSPRSGDLSVYWYQQSLDQGLQFLIQYYNGEERAKGNILEGFSAQQFPDLHSELNLSSLELGDSALYFCASSV,SGNTIYFGEGSWLTVV,CASSVGIGAGNTIYF,5617,5254
METLLGVSLVILWLQLAVNSQQGEEDPQALSIQEGENATMNCSYKTSINNLQWYRQNSGRGLVHLILIRSNEREKHSGRLRVTLDTSKKSSSLLITASRAADTASYFCATD,SNDYKLSFGAGTTVTVRA,CATVLNDYKLSF,MGCRLLCCAVLCLLGAPMETGVTQTPRHLVMGMTNKKSLKCEQHLGHNAMYWYKQSAKKPLELMFVYSLEERVENNSVPSRFSPECPNSSHLFLHLHTLQPEDSALYLCASSQ,NTEAFFGQGTRLTVV,CASSPTGPGGTEAFF,17440,45842
MALQSTLGAVWLGLLLNSLWKAESKDQVFQPSTVASSEGAVVEIFCNHSVSNAYNFFWYLHFPGCAPRLLVNGSKPSQQGRYNMTYERFSSSLLILQVREADAAVYYCAVE,DNYGQNFVFGPGTRLSVLP,CAVDNYGQNFVF,MGCRLLCCAVLCLLGAPIDTEVTQTPKHLVMGMTNKKSLKCEQHMGHRAMYWYKQKAKKPPELMFVYSYEKLSINESVRSRFSPECPNSSLLNLHLHALQPEDSALYLCASSQ,SGNTIYFGEGSWLTVV,CASSDRDSSSGNTIYF,4628,3505
METLLGLLILWLQLQVSSKQEVTQIPAALSVPEGENLVLNCSFTDSAIYNLQWFRQDPGKGLTSLLLIQSSQREQTSGRLNASLDKSSGRSTLYIAASQPGDSATYLCAVR,SNDYKLSFGAGTTVTVRA,CAVSPRSNDYKLSF,MGPQLLGYVVLCLLGAPLEAQVTQNPRYLITVTGKKLTVTCSQNMNHEYMSWYRQDPGLGLRQIYYSMNVEATDKGDVPEGYKVSRKEKRNFPLILESPSPNQTSLYFCASSL,QETQYFGPGTRLLVL,CASSLFTGRETQYF,14318,44686
